gameid,date,patch,teamname,side,result,game_mins,got_fd,got_more_grubs,scenario,golddiffat15,xpdiffat15,kills,deaths,firstbaron,firsttower,turretplates,opp_turretplates
13060-13060_game_3,2026-01-14 11:17:57,16.01,Weibo Gaming,Blue,1,40.06666666666667,0,1,More Grubs Only,,,25,11,,1.0,,
13060-13060_game_3,2026-01-14 11:17:57,16.01,Invictus Gaming,Red,0,40.06666666666667,1,0,FD Only,,,11,25,,0.0,,
13060-13060_game_1,2026-01-14 09:13:04,16.01,Invictus Gaming,Blue,1,38.7,0,1,More Grubs Only,,,18,8,,1.0,,
13060-13060_game_1,2026-01-14 09:13:04,16.01,Weibo Gaming,Red,0,38.7,1,0,FD Only,,,8,18,,0.0,,
13061-13061_game_1,2026-01-14 12:37:55,16.01,JD Gaming,Blue,1,24.933333333333334,0,0,Neither,,,22,2,,1.0,,
13061-13061_game_1,2026-01-14 12:37:55,16.01,Top Esports,Red,0,24.933333333333334,1,1,FD + More Grubs,,,2,22,,0.0,,
13061-13061_game_2,2026-01-14 13:26:09,16.01,JD Gaming,Blue,1,28.4,0,0,Neither,,,24,8,,1.0,,
13061-13061_game_2,2026-01-14 13:26:09,16.01,Top Esports,Red,0,28.4,1,1,FD + More Grubs,,,8,24,,0.0,,
13062-13062_game_2,2026-01-15 08:14:04,16.01,Ultra Prime,Blue,0,37.333333333333336,0,1,More Grubs Only,,,9,15,,0.0,,
13062-13062_game_2,2026-01-15 08:14:04,16.01,LGD Gaming,Red,1,37.333333333333336,1,0,FD Only,,,15,9,,1.0,,
13063-13063_game_1,2026-01-15 09:26:10,16.01,Anyone's Legend,Blue,1,26.383333333333333,1,0,FD Only,,,22,11,,1.0,,
13063-13063_game_1,2026-01-15 09:26:10,16.01,Invictus Gaming,Red,0,26.383333333333333,0,1,More Grubs Only,,,11,22,,0.0,,
13062-13062_game_1,2026-01-15 07:12:06,16.01,Ultra Prime,Blue,0,34.516666666666666,0,1,More Grubs Only,,,6,18,,0.0,,
13062-13062_game_1,2026-01-15 07:12:06,16.01,LGD Gaming,Red,1,34.516666666666666,1,0,FD Only,,,18,6,,1.0,,
13063-13063_game_2,2026-01-15 10:16:14,16.01,Anyone's Legend,Blue,1,34.15,0,1,More Grubs Only,,,21,12,,0.0,,
13063-13063_game_2,2026-01-15 10:16:14,16.01,Invictus Gaming,Red,0,34.15,1,0,FD Only,,,12,21,,1.0,,
13064-13064_game_1,2026-01-15 11:30:15,16.01,Bilibili Gaming,Blue,0,34.95,0,0,Neither,,,9,26,,1.0,,
13064-13064_game_1,2026-01-15 11:30:15,16.01,Weibo Gaming,Red,1,34.95,1,1,FD + More Grubs,,,26,9,,0.0,,
13064-13064_game_2,2026-01-15 12:30:36,16.01,Weibo Gaming,Blue,0,37.78333333333333,0,1,More Grubs Only,,,13,16,,0.0,,
13064-13064_game_2,2026-01-15 12:30:36,16.01,Bilibili Gaming,Red,1,37.78333333333333,1,0,FD Only,,,16,13,,1.0,,
13064-13064_game_3,2026-01-15 13:36:07,16.01,Bilibili Gaming,Blue,1,35.88333333333333,0,0,Neither,,,15,7,,0.0,,
13064-13064_game_3,2026-01-15 13:36:07,16.01,Weibo Gaming,Red,0,35.88333333333333,1,1,FD + More Grubs,,,7,15,,1.0,,
13106-13106_game_1,2026-01-16 09:16:42,16.01,Oh My God,Blue,0,28.816666666666666,0,1,More Grubs Only,,,5,18,,0.0,,
13106-13106_game_1,2026-01-16 09:16:42,16.01,LNG Esports,Red,1,28.816666666666666,1,0,FD Only,,,18,5,,1.0,,
13106-13106_game_2,2026-01-16 10:08:11,16.01,LNG Esports,Blue,1,24.2,1,1,FD + More Grubs,,,25,4,,1.0,,
13106-13106_game_2,2026-01-16 10:08:11,16.01,Oh My God,Red,0,24.2,0,0,Neither,,,4,25,,0.0,,
13067-13067_game_2,2026-01-17 10:13:08,16.01,Anyone's Legend,Blue,0,31.016666666666666,0,1,More Grubs Only,,,9,25,,0.0,,
13067-13067_game_2,2026-01-17 10:13:08,16.01,Bilibili Gaming,Red,1,31.016666666666666,1,0,FD Only,,,25,9,,1.0,,
13066-13066_game_1,2026-01-16 11:10:15,16.01,EDward Gaming,Blue,0,38.31666666666667,0,0,Neither,,,9,18,,1.0,,
13066-13066_game_1,2026-01-16 11:10:15,16.01,Team WE,Red,1,38.31666666666667,1,1,FD + More Grubs,,,18,9,,0.0,,
13066-13066_game_2,2026-01-16 12:15:45,16.01,Team WE,Blue,1,31.833333333333332,0,1,More Grubs Only,,,15,18,,0.0,,
13066-13066_game_2,2026-01-16 12:15:45,16.01,EDward Gaming,Red,0,31.833333333333332,1,0,FD Only,,,18,15,,1.0,,
13067-13067_game_3,2026-01-17 11:11:12,16.01,Bilibili Gaming,Blue,1,32.766666666666666,1,1,FD + More Grubs,,,17,12,,1.0,,
13067-13067_game_3,2026-01-17 11:11:12,16.01,Anyone's Legend,Red,0,32.766666666666666,0,0,Neither,,,12,17,,0.0,,
13068-13068_game_1,2026-01-17 12:22:23,16.01,Invictus Gaming,Blue,1,35.5,0,1,More Grubs Only,,,16,12,,0.0,,
13068-13068_game_1,2026-01-17 12:22:23,16.01,JD Gaming,Red,0,35.5,1,0,FD Only,,,12,16,,1.0,,
13068-13068_game_2,2026-01-17 13:21:55,16.01,Invictus Gaming,Blue,0,28.733333333333334,0,1,More Grubs Only,,,5,16,,0.0,,
13068-13068_game_2,2026-01-17 13:21:55,16.01,JD Gaming,Red,1,28.733333333333334,1,0,FD Only,,,16,5,,1.0,,
13067-13067_game_1,2026-01-17 09:15:53,16.01,Anyone's Legend,Blue,1,31.7,1,0,FD Only,,,14,10,,1.0,,
13067-13067_game_1,2026-01-17 09:15:53,16.01,Bilibili Gaming,Red,0,31.7,0,1,More Grubs Only,,,10,14,,0.0,,
13068-13068_game_3,2026-01-17 14:17:15,16.01,JD Gaming,Blue,0,31.75,0,0,Neither,,,9,16,,0.0,,
13068-13068_game_3,2026-01-17 14:17:15,16.01,Invictus Gaming,Red,1,31.75,1,1,FD + More Grubs,,,16,9,,1.0,,
13069-13069_game_2,2026-01-18 10:08:10,16.01,Top Esports,Red,0,36.21666666666667,1,1,FD + More Grubs,,,14,30,,0.0,,
13070-13070_game_1,2026-01-18 11:26:38,16.01,JD Gaming,Blue,1,31.5,1,1,FD + More Grubs,,,25,6,,1.0,,
13070-13070_game_1,2026-01-18 11:26:38,16.01,Anyone's Legend,Red,0,31.5,0,0,Neither,,,6,25,,0.0,,
13069-13069_game_1,2026-01-18 09:12:53,16.01,Bilibili Gaming,Blue,1,27.85,0,1,More Grubs Only,,,23,3,,1.0,,
13069-13069_game_1,2026-01-18 09:12:53,16.01,Top Esports,Red,0,27.85,1,0,FD Only,,,3,23,,0.0,,
13069-13069_game_2,2026-01-18 10:08:10,16.01,Bilibili Gaming,Blue,1,36.21666666666667,0,0,Neither,,,30,14,,1.0,,
13070-13070_game_2,2026-01-18 12:23:38,16.01,JD Gaming,Blue,0,44.416666666666664,0,1,More Grubs Only,,,6,18,,1.0,,
13070-13070_game_2,2026-01-18 12:23:38,16.01,Anyone's Legend,Red,1,44.416666666666664,1,0,FD Only,,,18,6,,0.0,,
13070-13070_game_3,2026-01-18 13:33:03,16.01,Anyone's Legend,Blue,0,32.96666666666667,0,0,Neither,,,11,22,,0.0,,
13070-13070_game_3,2026-01-18 13:33:03,16.01,JD Gaming,Red,1,32.96666666666667,1,1,FD + More Grubs,,,22,11,,1.0,,
13071-13071_game_2,2026-01-19 08:04:18,16.01,Team WE,Blue,1,29.983333333333334,1,0,FD Only,,,16,13,,0.0,,
13071-13071_game_2,2026-01-19 08:04:18,16.01,ThunderTalk Gaming,Red,0,29.983333333333334,0,1,More Grubs Only,,,13,16,,1.0,,
13072-13072_game_1,2026-01-19 09:14:21,16.01,Weibo Gaming,Blue,0,42.05,0,0,Neither,,,18,17,,0.0,,
13071-13071_game_1,2026-01-19 07:13:41,16.01,Team WE,Blue,1,25.833333333333332,1,1,FD + More Grubs,,,15,7,,0.0,,
13071-13071_game_1,2026-01-19 07:13:41,16.01,ThunderTalk Gaming,Red,0,25.833333333333332,0,0,Neither,,,7,15,,1.0,,
13072-13072_game_1,2026-01-19 09:14:21,16.01,Top Esports,Red,1,42.05,1,1,FD + More Grubs,,,17,18,,1.0,,
13072-13072_game_2,2026-01-19 10:23:55,16.01,Top Esports,Blue,0,30.383333333333333,0,1,More Grubs Only,,,8,23,,0.0,,
13072-13072_game_2,2026-01-19 10:23:55,16.01,Weibo Gaming,Red,1,30.383333333333333,1,0,FD Only,,,23,8,,1.0,,
13072-13072_game_3,2026-01-19 11:16:45,16.01,Weibo Gaming,Blue,0,23.6,0,1,More Grubs Only,,,3,21,,0.0,,
13072-13072_game_3,2026-01-19 11:16:45,16.01,Top Esports,Red,1,23.6,1,0,FD Only,,,21,3,,1.0,,
13073-13073_game_1,2026-01-19 12:21:37,16.01,Ninjas in Pyjamas,Blue,0,29.333333333333332,0,1,More Grubs Only,,,7,16,,0.0,,
13073-13073_game_1,2026-01-19 12:21:37,16.01,EDward Gaming,Red,1,29.333333333333332,1,0,FD Only,,,16,7,,1.0,,
13073-13073_game_2,2026-01-19 13:14:20,16.01,EDward Gaming,Blue,0,29.116666666666667,0,1,More Grubs Only,,,4,23,,1.0,,
13073-13073_game_2,2026-01-19 13:14:20,16.01,Ninjas in Pyjamas,Red,1,29.116666666666667,1,0,FD Only,,,23,4,,0.0,,
13073-13073_game_3,2026-01-19 14:05:50,16.01,EDward Gaming,Blue,0,38.3,0,0,Neither,,,5,12,,0.0,,
13073-13073_game_3,2026-01-19 14:05:50,16.01,Ninjas in Pyjamas,Red,1,38.3,1,1,FD + More Grubs,,,12,5,,1.0,,
13074-13074_game_1,2026-01-20 09:14:03,16.01,Anyone's Legend,Blue,1,29.983333333333334,0,1,More Grubs Only,,,24,9,,1.0,,
13074-13074_game_1,2026-01-20 09:14:03,16.01,Weibo Gaming,Red,0,29.983333333333334,1,0,FD Only,,,9,24,,0.0,,
13074-13074_game_2,2026-01-20 10:07:15,16.01,Anyone's Legend,Blue,1,32.5,1,1,FD + More Grubs,,,14,11,,1.0,,
13074-13074_game_2,2026-01-20 10:07:15,16.01,Weibo Gaming,Red,0,32.5,0,0,Neither,,,11,14,,0.0,,
13075-13075_game_1,2026-01-20 11:17:22,16.01,Bilibili Gaming,Blue,1,33.78333333333333,0,1,More Grubs Only,,,18,6,,1.0,,
13075-13075_game_1,2026-01-20 11:17:22,16.01,Invictus Gaming,Red,0,33.78333333333333,1,0,FD Only,,,6,18,,0.0,,
13075-13075_game_2,2026-01-20 12:18:42,16.01,Bilibili Gaming,Blue,1,30.1,0,1,More Grubs Only,,,20,3,,1.0,,
13075-13075_game_2,2026-01-20 12:18:42,16.01,Invictus Gaming,Red,0,30.1,1,0,FD Only,,,3,20,,0.0,,
13076-13076_game_1,2026-01-21 09:13:30,16.01,LNG Esports,Blue,1,33.93333333333333,0,1,More Grubs Only,,,15,4,,1.0,,
13076-13076_game_1,2026-01-21 09:13:30,16.01,LGD Gaming,Red,0,33.93333333333333,1,0,FD Only,,,4,15,,0.0,,
13076-13076_game_2,2026-01-21 10:10:09,16.01,LNG Esports,Blue,0,33.63333333333333,1,1,FD + More Grubs,,,9,15,,1.0,,
13076-13076_game_2,2026-01-21 10:10:09,16.01,LGD Gaming,Red,1,33.63333333333333,0,0,Neither,,,15,9,,0.0,,
13076-13076_game_3,2026-01-21 11:07:56,16.01,LNG Esports,Blue,1,41.75,1,1,FD + More Grubs,,,16,8,,1.0,,
13076-13076_game_3,2026-01-21 11:07:56,16.01,LGD Gaming,Red,0,41.75,0,0,Neither,,,8,16,,0.0,,
13077-13077_game_1,2026-01-21 12:26:03,16.01,Top Esports,Blue,1,38.15,1,0,FD Only,,,27,28,,1.0,,
13077-13077_game_1,2026-01-21 12:26:03,16.01,Invictus Gaming,Red,0,38.15,0,1,More Grubs Only,,,28,27,,0.0,,
13077-13077_game_2,2026-01-21 13:27:23,16.01,Top Esports,Blue,0,45.95,0,0,Neither,,,19,25,,0.0,,
13077-13077_game_2,2026-01-21 13:27:23,16.01,Invictus Gaming,Red,1,45.95,1,1,FD + More Grubs,,,25,19,,1.0,,
13077-13077_game_3,2026-01-21 14:38:01,16.01,Invictus Gaming,Blue,1,33.85,1,0,FD Only,,,18,5,,1.0,,
13077-13077_game_3,2026-01-21 14:38:01,16.01,Top Esports,Red,0,33.85,0,1,More Grubs Only,,,5,18,,0.0,,
13078-13078_game_2,2026-01-22 08:06:15,16.01,Oh My God,Blue,0,33.833333333333336,0,1,More Grubs Only,,,6,20,,1.0,,
13078-13078_game_2,2026-01-22 08:06:15,16.01,Ultra Prime,Red,1,33.833333333333336,1,0,FD Only,,,20,6,,0.0,,
13079-13079_game_1,2026-01-22 09:16:51,16.01,EDward Gaming,Blue,1,27.25,0,1,More Grubs Only,,,13,2,,0.0,,
13079-13079_game_1,2026-01-22 09:16:51,16.01,ThunderTalk Gaming,Red,0,27.25,1,0,FD Only,,,2,13,,1.0,,
13079-13079_game_2,2026-01-22 10:07:53,16.01,EDward Gaming,Blue,1,32.516666666666666,1,0,FD Only,,,20,13,,0.0,,
13079-13079_game_2,2026-01-22 10:07:53,16.01,ThunderTalk Gaming,Red,0,32.516666666666666,0,1,More Grubs Only,,,13,20,,1.0,,
13078-13078_game_1,2026-01-22 07:11:47,16.01,Oh My God,Blue,0,32.016666666666666,0,1,More Grubs Only,,,5,23,,1.0,,
13078-13078_game_1,2026-01-22 07:11:47,16.01,Ultra Prime,Red,1,32.016666666666666,1,0,FD Only,,,23,5,,0.0,,
13080-13080_game_1,2026-01-22 11:16:23,16.01,Team WE,Blue,1,30.833333333333332,1,1,FD + More Grubs,,,18,17,,1.0,,
13080-13080_game_1,2026-01-22 11:16:23,16.01,Ninjas in Pyjamas,Red,0,30.833333333333332,0,0,Neither,,,17,18,,0.0,,
13080-13080_game_2,2026-01-22 12:08:44,16.01,Team WE,Blue,0,33.6,0,1,More Grubs Only,,,10,25,,1.0,,
13080-13080_game_2,2026-01-22 12:08:44,16.01,Ninjas in Pyjamas,Red,1,33.6,1,0,FD Only,,,25,10,,0.0,,
13080-13080_game_3,2026-01-22 13:03:23,16.01,Team WE,Blue,0,33.95,1,0,FD Only,,,6,20,,0.0,,
13080-13080_game_3,2026-01-22 13:03:23,16.01,Ninjas in Pyjamas,Red,1,33.95,0,1,More Grubs Only,,,20,6,,1.0,,
13081-13081_game_3,2026-01-23 09:10:41,16.01,Oh My God,Red,1,29.033333333333335,1,1,FD + More Grubs,,,20,8,,1.0,,
13082-13082_game_1,2026-01-23 10:20:25,16.01,ThunderTalk Gaming,Blue,1,32.46666666666667,1,1,FD + More Grubs,,,25,19,,1.0,,
13082-13082_game_1,2026-01-23 10:20:25,16.01,EDward Gaming,Red,0,32.46666666666667,0,0,Neither,,,19,25,,0.0,,
13082-13082_game_2,2026-01-23 11:15:41,16.01,ThunderTalk Gaming,Blue,0,36.1,1,0,FD Only,,,8,20,,0.0,,
13082-13082_game_2,2026-01-23 11:15:41,16.01,EDward Gaming,Red,1,36.1,0,1,More Grubs Only,,,20,8,,1.0,,
13081-13081_game_1,2026-01-23 07:11:20,16.01,LGD Gaming,Blue,0,46.38333333333333,0,1,More Grubs Only,,,14,18,,1.0,,
13081-13081_game_1,2026-01-23 07:11:20,16.01,Oh My God,Red,1,46.38333333333333,1,0,FD Only,,,18,15,,0.0,,
13081-13081_game_2,2026-01-23 08:20:58,16.01,LGD Gaming,Blue,1,27.816666666666666,1,1,FD + More Grubs,,,18,1,,1.0,,
13081-13081_game_2,2026-01-23 08:20:58,16.01,Oh My God,Red,0,27.816666666666666,0,0,Neither,,,1,18,,0.0,,
13081-13081_game_3,2026-01-23 09:10:41,16.01,LGD Gaming,Blue,0,29.033333333333335,0,0,Neither,,,8,20,,0.0,,
13082-13082_game_3,2026-01-23 12:14:49,16.01,EDward Gaming,Blue,1,36.53333333333333,1,0,FD Only,,,18,10,,1.0,,
13082-13082_game_3,2026-01-23 12:14:49,16.01,ThunderTalk Gaming,Red,0,36.53333333333333,0,1,More Grubs Only,,,10,18,,0.0,,
13083-13083_game_1,2026-01-23 13:26:53,16.01,Bilibili Gaming,Blue,0,40.766666666666666,0,1,More Grubs Only,,,16,21,,0.0,,
13083-13083_game_1,2026-01-23 13:26:53,16.01,JD Gaming,Red,1,40.766666666666666,1,0,FD Only,,,20,16,,1.0,,
13083-13083_game_2,2026-01-23 14:37:50,16.01,JD Gaming,Blue,1,35.06666666666667,1,0,FD Only,,,15,17,,0.0,,
13083-13083_game_2,2026-01-23 14:37:50,16.01,Bilibili Gaming,Red,0,35.06666666666667,0,1,More Grubs Only,,,17,15,,1.0,,
13084-13084_game_3,2026-01-24 11:02:10,16.01,Top Esports,Blue,0,29.183333333333334,0,1,More Grubs Only,,,8,18,,1.0,,
13084-13084_game_3,2026-01-24 11:02:10,16.01,Anyone's Legend,Red,1,29.183333333333334,1,0,FD Only,,,18,8,,0.0,,
13085-13085_game_1,2026-01-24 12:22:10,16.01,JD Gaming,Blue,0,31.9,0,1,More Grubs Only,,,4,18,,0.0,,
13085-13085_game_1,2026-01-24 12:22:10,16.01,Weibo Gaming,Red,1,31.9,1,0,FD Only,,,18,4,,1.0,,
13084-13084_game_1,2026-01-24 09:15:02,16.01,Anyone's Legend,Blue,1,32.4,0,0,Neither,,,23,8,,1.0,,
13084-13084_game_1,2026-01-24 09:15:02,16.01,Top Esports,Red,0,32.4,1,1,FD + More Grubs,,,8,23,,0.0,,
13084-13084_game_2,2026-01-24 10:10:20,16.01,Anyone's Legend,Blue,0,28.55,0,0,Neither,,,11,20,,0.0,,
13084-13084_game_2,2026-01-24 10:10:20,16.01,Top Esports,Red,1,28.55,1,1,FD + More Grubs,,,20,11,,1.0,,
13085-13085_game_2,2026-01-24 13:19:44,16.01,Weibo Gaming,Blue,1,31.316666666666666,0,1,More Grubs Only,,,8,3,,1.0,,
13085-13085_game_2,2026-01-24 13:19:44,16.01,JD Gaming,Red,0,31.316666666666666,1,0,FD Only,,,3,8,,0.0,,
13086-13086_game_3,2026-01-25 11:29:58,16.01,Team WE,Blue,1,38.85,0,0,Neither,,,18,19,,1.0,,
13086-13086_game_3,2026-01-25 11:29:58,16.01,Ninjas in Pyjamas,Red,0,38.85,1,1,FD + More Grubs,,,19,18,,0.0,,
13086-13086_game_1,2026-01-25 09:14:08,16.01,Team WE,Blue,1,44.28333333333333,1,0,FD Only,,,16,16,,1.0,,
13086-13086_game_1,2026-01-25 09:14:08,16.01,Ninjas in Pyjamas,Red,0,44.28333333333333,0,1,More Grubs Only,,,16,16,,0.0,,
13086-13086_game_2,2026-01-25 10:20:15,16.01,Team WE,Blue,0,36.4,0,0,Neither,,,15,22,,1.0,,
13086-13086_game_2,2026-01-25 10:20:15,16.01,Ninjas in Pyjamas,Red,1,36.4,1,1,FD + More Grubs,,,22,15,,0.0,,
13087-13087_game_1,2026-01-25 12:44:41,16.01,Invictus Gaming,Blue,0,33.233333333333334,0,1,More Grubs Only,,,8,20,,0.0,,
13087-13087_game_1,2026-01-25 12:44:41,16.01,Top Esports,Red,1,33.233333333333334,1,0,FD Only,,,20,8,,1.0,,
13087-13087_game_2,2026-01-25 13:41:49,16.01,Top Esports,Blue,1,25.3,1,0,FD Only,,,18,5,,1.0,,
13087-13087_game_2,2026-01-25 13:41:49,16.01,Invictus Gaming,Red,0,25.3,0,1,More Grubs Only,,,5,18,,0.0,,
13088-13088_game_1,2026-01-26 09:13:55,16.01,ThunderTalk Gaming,Blue,0,26.15,1,1,FD + More Grubs,,,3,19,,0.0,,
13088-13088_game_1,2026-01-26 09:13:55,16.01,Team WE,Red,1,26.15,0,0,Neither,,,19,3,,1.0,,
13088-13088_game_2,2026-01-26 10:04:06,16.01,ThunderTalk Gaming,Blue,0,39.61666666666667,0,1,More Grubs Only,,,25,24,,0.0,,
13088-13088_game_2,2026-01-26 10:04:06,16.01,Team WE,Red,1,39.61666666666667,1,0,FD Only,,,24,25,,1.0,,
13089-13089_game_1,2026-01-26 11:24:45,16.01,JD Gaming,Blue,1,39.233333333333334,0,0,Neither,,,16,11,,1.0,,
13089-13089_game_1,2026-01-26 11:24:45,16.01,Bilibili Gaming,Red,0,39.233333333333334,1,1,FD + More Grubs,,,11,16,,0.0,,
13089-13089_game_2,2026-01-26 12:31:33,16.01,JD Gaming,Blue,0,35.3,0,1,More Grubs Only,,,21,14,,1.0,,
13089-13089_game_2,2026-01-26 12:31:33,16.01,Bilibili Gaming,Red,1,35.3,1,0,FD Only,,,14,21,,0.0,,
13089-13089_game_3,2026-01-26 13:31:07,16.01,Bilibili Gaming,Blue,0,29.266666666666666,0,1,More Grubs Only,,,9,17,,0.0,,
13089-13089_game_3,2026-01-26 13:31:07,16.01,JD Gaming,Red,1,29.266666666666666,1,0,FD Only,,,17,9,,1.0,,
13090-13090_game_1,2026-01-27 07:13:52,16.02,LNG Esports,Blue,1,25.95,0,1,More Grubs Only,,,14,5,,0.0,,
13090-13090_game_1,2026-01-27 07:13:52,16.02,Ultra Prime,Red,0,25.95,1,0,FD Only,,,5,14,,1.0,,
13090-13090_game_2,2026-01-27 08:02:32,16.02,LNG Esports,Blue,1,28.95,1,0,FD Only,,,21,3,,1.0,,
13090-13090_game_2,2026-01-27 08:02:32,16.02,Ultra Prime,Red,0,28.95,0,1,More Grubs Only,,,3,21,,0.0,,
13091-13091_game_1,2026-01-27 09:06:42,16.02,Top Esports,Blue,0,29.716666666666665,1,1,FD + More Grubs,,,7,35,,1.0,,
13091-13091_game_1,2026-01-27 09:06:42,16.02,Weibo Gaming,Red,1,29.716666666666665,0,0,Neither,,,35,7,,0.0,,
13091-13091_game_2,2026-01-27 10:00:37,16.02,Weibo Gaming,Blue,0,24.95,0,0,Neither,,,6,20,,0.0,,
13091-13091_game_2,2026-01-27 10:00:37,16.02,Top Esports,Red,1,24.95,1,1,FD + More Grubs,,,20,6,,1.0,,
13091-13091_game_3,2026-01-27 10:47:08,16.02,Top Esports,Blue,0,32.75,0,1,More Grubs Only,,,13,23,,0.0,,
13091-13091_game_3,2026-01-27 10:47:08,16.02,Weibo Gaming,Red,1,32.75,1,0,FD Only,,,23,13,,1.0,,
13092-13092_game_1,2026-01-27 11:56:02,16.02,Invictus Gaming,Blue,0,32.3,1,1,FD + More Grubs,,,6,16,,0.0,,
13092-13092_game_1,2026-01-27 11:56:02,16.02,Anyone's Legend,Red,1,32.3,0,0,Neither,,,16,6,,1.0,,
13092-13092_game_2,2026-01-27 12:50:48,16.02,Anyone's Legend,Blue,0,32.25,0,0,Neither,,,10,26,,0.0,,
13092-13092_game_2,2026-01-27 12:50:48,16.02,Invictus Gaming,Red,1,32.25,1,1,FD + More Grubs,,,26,10,,1.0,,
13092-13092_game_3,2026-01-27 13:48:01,16.02,Invictus Gaming,Blue,0,31.8,0,1,More Grubs Only,,,3,17,,0.0,,
13092-13092_game_3,2026-01-27 13:48:01,16.02,Anyone's Legend,Red,1,31.8,1,0,FD Only,,,17,3,,1.0,,
13093-13093_game_1,2026-01-28 07:12:22,16.02,LGD Gaming,Red,0,28.75,1,0,FD Only,,,6,18,,0.0,,
13093-13093_game_2,2026-01-28 08:02:47,16.02,Ultra Prime,Blue,0,35.11666666666667,0,1,More Grubs Only,,,9,20,,1.0,,
13093-13093_game_1,2026-01-28 07:12:22,16.02,Ultra Prime,Blue,1,28.75,0,1,More Grubs Only,,,18,6,,1.0,,
13093-13093_game_2,2026-01-28 08:02:47,16.02,LGD Gaming,Red,1,35.11666666666667,1,0,FD Only,,,20,9,,0.0,,
13093-13093_game_3,2026-01-28 08:58:34,16.02,Ultra Prime,Blue,0,29.883333333333333,1,1,FD + More Grubs,,,2,12,,1.0,,
13093-13093_game_3,2026-01-28 08:58:34,16.02,LGD Gaming,Red,1,29.883333333333333,0,0,Neither,,,12,2,,0.0,,
13094-13094_game_1,2026-01-28 10:04:00,16.02,LNG Esports,Blue,1,35.516666666666666,0,1,More Grubs Only,,,20,11,,1.0,,
13094-13094_game_1,2026-01-28 10:04:00,16.02,Oh My God,Red,0,35.516666666666666,1,0,FD Only,,,11,20,,0.0,,
13094-13094_game_2,2026-01-28 11:03:16,16.02,LNG Esports,Blue,1,23.2,1,1,FD + More Grubs,,,22,2,,1.0,,
13094-13094_game_2,2026-01-28 11:03:16,16.02,Oh My God,Red,0,23.2,0,0,Neither,,,2,22,,0.0,,
13095-13095_game_1,2026-01-28 12:05:42,16.02,EDward Gaming,Blue,0,31.316666666666666,0,0,Neither,,,11,15,,1.0,,
13095-13095_game_1,2026-01-28 12:05:42,16.02,Ninjas in Pyjamas,Red,1,31.316666666666666,1,1,FD + More Grubs,,,15,11,,0.0,,
13095-13095_game_2,2026-01-28 13:08:28,16.02,EDward Gaming,Blue,1,26.45,0,1,More Grubs Only,,,19,7,,1.0,,
13095-13095_game_2,2026-01-28 13:08:28,16.02,Ninjas in Pyjamas,Red,0,26.45,1,0,FD Only,,,7,19,,0.0,,
13095-13095_game_3,2026-01-28 13:59:03,16.02,EDward Gaming,Blue,1,39.36666666666667,0,1,More Grubs Only,,,10,8,,0.0,,
13095-13095_game_3,2026-01-28 13:59:03,16.02,Ninjas in Pyjamas,Red,0,39.36666666666667,1,0,FD Only,,,8,10,,1.0,,
13097-13097_game_1,2026-01-29 11:08:40,16.02,Weibo Gaming,Blue,1,35.3,1,1,FD + More Grubs,,,16,8,,0.0,,
13097-13097_game_1,2026-01-29 11:08:40,16.02,JD Gaming,Red,0,35.3,0,0,Neither,,,8,16,,1.0,,
13097-13097_game_2,2026-01-29 12:15:36,16.02,Weibo Gaming,Blue,0,32.46666666666667,1,1,FD + More Grubs,,,4,21,,0.0,,
13097-13097_game_2,2026-01-29 12:15:36,16.02,JD Gaming,Red,1,32.46666666666667,0,0,Neither,,,21,4,,1.0,,
13096-13096_game_1,2026-01-29 09:14:37,16.02,ThunderTalk Gaming,Blue,0,29.033333333333335,0,1,More Grubs Only,,,6,18,,0.0,,
13096-13096_game_1,2026-01-29 09:14:37,16.02,Ninjas in Pyjamas,Red,1,29.033333333333335,1,0,FD Only,,,18,6,,1.0,,
13096-13096_game_2,2026-01-29 10:04:43,16.02,Ninjas in Pyjamas,Blue,1,25.666666666666668,0,1,More Grubs Only,,,23,5,,1.0,,
13096-13096_game_2,2026-01-29 10:04:43,16.02,ThunderTalk Gaming,Red,0,25.666666666666668,1,0,FD Only,,,5,23,,0.0,,
13097-13097_game_3,2026-01-29 13:12:26,16.02,JD Gaming,Blue,0,36.7,1,0,FD Only,,,7,15,,1.0,,
13097-13097_game_3,2026-01-29 13:12:26,16.02,Weibo Gaming,Red,1,36.7,0,1,More Grubs Only,,,15,7,,0.0,,
13098-13098_game_2,2026-01-30 10:06:14,16.02,Ultra Prime,Blue,0,30.216666666666665,0,1,More Grubs Only,,,6,18,,1.0,,
13098-13098_game_2,2026-01-30 10:06:14,16.02,Oh My God,Red,1,30.216666666666665,1,0,FD Only,,,18,6,,0.0,,
13099-13099_game_1,2026-01-30 11:11:36,16.02,Top Esports,Blue,0,33.56666666666667,0,1,More Grubs Only,,,6,26,,0.0,,
13099-13099_game_1,2026-01-30 11:11:36,16.02,Bilibili Gaming,Red,1,33.56666666666667,1,0,FD Only,,,26,7,,1.0,,
13099-13099_game_2,2026-01-30 12:07:58,16.02,Bilibili Gaming,Blue,0,30.133333333333333,0,0,Neither,,,17,28,,1.0,,
13099-13099_game_2,2026-01-30 12:07:58,16.02,Top Esports,Red,1,30.133333333333333,1,1,FD + More Grubs,,,28,17,,0.0,,
13098-13098_game_1,2026-01-30 09:11:00,16.02,Ultra Prime,Blue,0,31.25,0,1,More Grubs Only,,,3,15,,0.0,,
13098-13098_game_1,2026-01-30 09:11:00,16.02,Oh My God,Red,1,31.25,1,0,FD Only,,,15,3,,1.0,,
13099-13099_game_3,2026-01-30 12:59:44,16.02,Bilibili Gaming,Blue,0,32.93333333333333,0,0,Neither,,,14,22,,1.0,,
13099-13099_game_3,2026-01-30 12:59:44,16.02,Top Esports,Red,1,32.93333333333333,1,1,FD + More Grubs,,,22,15,,0.0,,
13100-13100_game_3,2026-01-31 11:12:29,16.02,JD Gaming,Blue,0,38.516666666666666,1,0,FD Only,,,9,14,,1.0,,
13100-13100_game_3,2026-01-31 11:12:29,16.02,Anyone's Legend,Red,1,38.516666666666666,0,1,More Grubs Only,,,14,9,,0.0,,
13101-13101_game_1,2026-01-31 12:28:44,16.02,Invictus Gaming,Blue,0,26.55,0,1,More Grubs Only,,,8,22,,0.0,,
13101-13101_game_1,2026-01-31 12:28:44,16.02,Bilibili Gaming,Red,1,26.55,1,0,FD Only,,,22,8,,1.0,,
13100-13100_game_1,2026-01-31 09:15:46,16.02,Anyone's Legend,Blue,1,32.81666666666667,0,1,More Grubs Only,,,14,11,,1.0,,
13100-13100_game_1,2026-01-31 09:15:46,16.02,JD Gaming,Red,0,32.81666666666667,1,0,FD Only,,,11,14,,0.0,,
13100-13100_game_2,2026-01-31 10:12:57,16.02,Anyone's Legend,Blue,0,34.61666666666667,0,1,More Grubs Only,,,14,21,,0.0,,
13100-13100_game_2,2026-01-31 10:12:57,16.02,JD Gaming,Red,1,34.61666666666667,1,0,FD Only,,,21,14,,1.0,,
13101-13101_game_2,2026-01-31 13:36:01,16.02,Bilibili Gaming,Blue,1,32.233333333333334,1,0,FD Only,,,23,13,,1.0,,
13101-13101_game_2,2026-01-31 13:36:01,16.02,Invictus Gaming,Red,0,32.233333333333334,0,1,More Grubs Only,,,13,23,,0.0,,
13102-13102_game_1,2026-02-01 09:11:51,16.02,LNG Esports,Blue,1,31.45,1,0,FD Only,,,16,9,,1.0,,
13102-13102_game_1,2026-02-01 09:11:51,16.02,LGD Gaming,Red,0,31.45,0,1,More Grubs Only,,,9,16,,0.0,,
13102-13102_game_2,2026-02-01 10:05:46,16.02,LNG Esports,Blue,0,36.516666666666666,1,1,FD + More Grubs,,,5,16,,0.0,,
13102-13102_game_2,2026-02-01 10:05:46,16.02,LGD Gaming,Red,1,36.516666666666666,0,0,Neither,,,16,5,,1.0,,
13102-13102_game_3,2026-02-01 11:22:06,16.02,LNG Esports,Blue,1,31.55,0,1,More Grubs Only,,,22,4,,1.0,,
13102-13102_game_3,2026-02-01 11:22:06,16.02,LGD Gaming,Red,0,31.55,1,0,FD Only,,,4,22,,0.0,,
13103-13103_game_1,2026-02-01 12:29:13,16.02,Top Esports,Blue,0,29.65,0,1,More Grubs Only,,,12,34,,0.0,,
13103-13103_game_1,2026-02-01 12:29:13,16.02,Anyone's Legend,Red,1,29.65,1,0,FD Only,,,34,12,,1.0,,
13103-13103_game_2,2026-02-01 13:21:04,16.02,Anyone's Legend,Blue,1,25.15,0,1,More Grubs Only,,,19,2,,1.0,,
13103-13103_game_2,2026-02-01 13:21:04,16.02,Top Esports,Red,0,25.15,1,0,FD Only,,,2,19,,0.0,,
13104-13104_game_2,2026-02-02 10:07:12,16.02,Oh My God,Red,0,35.016666666666666,1,1,FD + More Grubs,,,12,22,,0.0,,
13104-13104_game_3,2026-02-02 11:03:56,16.02,LGD Gaming,Blue,0,30.733333333333334,1,1,FD + More Grubs,,,3,16,,0.0,,
13104-13104_game_1,2026-02-02 09:11:19,16.02,LGD Gaming,Blue,0,34.833333333333336,1,1,FD + More Grubs,,,13,14,,1.0,,
13104-13104_game_1,2026-02-02 09:11:19,16.02,Oh My God,Red,1,34.833333333333336,0,0,Neither,,,14,13,,0.0,,
13104-13104_game_2,2026-02-02 10:07:12,16.02,LGD Gaming,Blue,1,35.016666666666666,0,0,Neither,,,22,12,,1.0,,
13104-13104_game_3,2026-02-02 11:03:56,16.02,Oh My God,Red,1,30.733333333333334,0,0,Neither,,,16,3,,1.0,,
13105-13105_game_1,2026-02-02 12:10:13,16.02,Weibo Gaming,Blue,0,31.7,0,1,More Grubs Only,,,7,21,,0.0,,
13105-13105_game_1,2026-02-02 12:10:13,16.02,Bilibili Gaming,Red,1,31.7,1,0,FD Only,,,21,8,,1.0,,
13105-13105_game_2,2026-02-02 13:05:37,16.02,Bilibili Gaming,Blue,1,35.85,0,1,More Grubs Only,,,22,16,,1.0,,
13105-13105_game_2,2026-02-02 13:05:37,16.02,Weibo Gaming,Red,0,35.85,1,0,FD Only,,,16,22,,0.0,,
13065-13065_game_2,2026-02-03 10:00:16,16.02,LNG Esports,Blue,1,36.2,1,1,FD + More Grubs,,,14,15,,1.0,,
13065-13065_game_2,2026-02-03 10:00:16,16.02,Ultra Prime,Red,0,36.2,0,0,Neither,,,15,14,,0.0,,
13065-13065_game_1,2026-02-03 09:10:59,16.02,LNG Esports,Blue,1,26.95,0,1,More Grubs Only,,,18,9,,1.0,,
13065-13065_game_1,2026-02-03 09:10:59,16.02,Ultra Prime,Red,0,26.95,1,0,FD Only,,,9,18,,0.0,,
13107-13107_game_1,2026-02-03 11:16:26,16.02,JD Gaming,Blue,0,29.65,0,0,Neither,,,7,21,,0.0,,
13107-13107_game_1,2026-02-03 11:16:26,16.02,Invictus Gaming,Red,1,29.65,1,1,FD + More Grubs,,,21,7,,1.0,,
13107-13107_game_2,2026-02-03 12:08:35,16.02,JD Gaming,Blue,1,32.3,1,1,FD + More Grubs,,,18,8,,1.0,,
13107-13107_game_2,2026-02-03 12:08:35,16.02,Invictus Gaming,Red,0,32.3,0,0,Neither,,,8,18,,0.0,,
13107-13107_game_3,2026-02-03 13:05:01,16.02,JD Gaming,Blue,1,37.96666666666667,0,1,More Grubs Only,,,15,9,,0.0,,
13107-13107_game_3,2026-02-03 13:05:01,16.02,Invictus Gaming,Red,0,37.96666666666667,1,0,FD Only,,,9,15,,1.0,,
13108-13108_game_2,2026-02-04 10:10:17,16.02,EDward Gaming,Blue,1,35.3,1,0,FD Only,,,23,13,,1.0,,
13108-13108_game_2,2026-02-04 10:10:17,16.02,Team WE,Red,0,35.3,0,1,More Grubs Only,,,13,23,,0.0,,
13108-13108_game_1,2026-02-04 09:14:00,16.02,Team WE,Blue,0,32.6,0,1,More Grubs Only,,,4,19,,0.0,,
13108-13108_game_1,2026-02-04 09:14:00,16.02,EDward Gaming,Red,1,32.6,1,0,FD Only,,,19,4,,1.0,,
13109-13109_game_1,2026-02-04 11:36:36,16.02,Anyone's Legend,Blue,0,39.11666666666667,0,1,More Grubs Only,,,19,24,,0.0,,
13109-13109_game_1,2026-02-04 11:36:36,16.02,Weibo Gaming,Red,1,39.11666666666667,1,0,FD Only,,,24,19,,1.0,,
13109-13109_game_2,2026-02-04 12:38:00,16.02,Weibo Gaming,Blue,0,35.483333333333334,0,0,Neither,,,8,25,,0.0,,
13109-13109_game_2,2026-02-04 12:38:00,16.02,Anyone's Legend,Red,1,35.483333333333334,1,1,FD + More Grubs,,,25,8,,1.0,,
13109-13109_game_3,2026-02-04 13:35:23,16.02,Anyone's Legend,Blue,1,30.633333333333333,0,0,Neither,,,21,21,,0.0,,
13109-13109_game_3,2026-02-04 13:35:23,16.02,Weibo Gaming,Red,0,30.633333333333333,1,1,FD + More Grubs,,,21,21,,1.0,,
13110-13110_game_1,2026-02-05 09:15:18,16.02,ThunderTalk Gaming,Blue,0,36.63333333333333,1,1,FD + More Grubs,,,6,18,,0.0,,
13110-13110_game_1,2026-02-05 09:15:18,16.02,Ninjas in Pyjamas,Red,1,36.63333333333333,0,0,Neither,,,18,6,,1.0,,
13110-13110_game_2,2026-02-05 10:13:16,16.02,ThunderTalk Gaming,Blue,0,33.65,0,1,More Grubs Only,,,8,21,,0.0,,
13110-13110_game_2,2026-02-05 10:13:16,16.02,Ninjas in Pyjamas,Red,1,33.65,1,0,FD Only,,,21,8,,1.0,,
13111-13111_game_1,2026-02-05 11:30:15,16.02,Top Esports,Blue,1,31.783333333333335,0,1,More Grubs Only,,,19,9,,0.0,,
13111-13111_game_1,2026-02-05 11:30:15,16.02,JD Gaming,Red,0,31.783333333333335,1,0,FD Only,,,9,19,,1.0,,
13111-13111_game_2,2026-02-05 12:25:13,16.02,JD Gaming,Blue,0,28.166666666666668,1,0,FD Only,,,7,13,,1.0,,
13111-13111_game_2,2026-02-05 12:25:13,16.02,Top Esports,Red,1,28.166666666666668,0,1,More Grubs Only,,,13,7,,0.0,,
13113-13113_game_2,2026-02-06 11:05:20,16.02,Bilibili Gaming,Blue,0,32.96666666666667,1,0,FD Only,,,7,17,,1.0,,
13113-13113_game_2,2026-02-06 11:05:20,16.02,Anyone's Legend,Red,1,32.96666666666667,0,1,More Grubs Only,,,17,7,,0.0,,
13112-13112_game_1,2026-02-06 07:21:23,16.02,Weibo Gaming,Blue,1,44.916666666666664,0,1,More Grubs Only,,,35,16,,1.0,,
13112-13112_game_1,2026-02-06 07:21:23,16.02,Invictus Gaming,Red,0,44.916666666666664,1,0,FD Only,,,16,35,,0.0,,
13112-13112_game_2,2026-02-06 08:28:48,16.02,Weibo Gaming,Blue,1,46.6,0,1,More Grubs Only,,,20,19,,0.0,,
13112-13112_game_2,2026-02-06 08:28:48,16.02,Invictus Gaming,Red,0,46.6,1,0,FD Only,,,19,20,,1.0,,
13113-13113_game_1,2026-02-06 09:56:59,16.02,Bilibili Gaming,Blue,1,34.36666666666667,0,1,More Grubs Only,,,23,6,,0.0,,
13113-13113_game_1,2026-02-06 09:56:59,16.02,Anyone's Legend,Red,0,34.36666666666667,1,0,FD Only,,,6,23,,1.0,,
13113-13113_game_3,2026-02-06 12:04:21,16.02,Anyone's Legend,Blue,1,34.56666666666667,0,1,More Grubs Only,,,17,13,,1.0,,
13113-13113_game_3,2026-02-06 12:04:21,16.02,Bilibili Gaming,Red,0,34.56666666666667,1,0,FD Only,,,13,17,,0.0,,
13120-13120_game_2,2026-02-07 12:12:44,16.02,Team WE,Blue,0,31.816666666666666,1,1,FD + More Grubs,,,8,20,,1.0,,
13120-13120_game_2,2026-02-07 12:12:44,16.02,Ninjas in Pyjamas,Red,1,31.816666666666666,0,0,Neither,,,20,8,,0.0,,
13114-13114_game_1,2026-02-09 06:09:38,16.02,Team WE,Blue,1,42.61666666666667,1,0,FD Only,,,35,20,,1.0,,
13114-13114_game_1,2026-02-09 06:09:38,16.02,Top Esports,Red,0,42.61666666666667,0,1,More Grubs Only,,,20,35,,0.0,,
13120-13120_game_1,2026-02-07 11:10:12,16.02,Team WE,Blue,0,39.21666666666667,0,1,More Grubs Only,,,14,21,,0.0,,
13120-13120_game_1,2026-02-07 11:10:12,16.02,Ninjas in Pyjamas,Red,1,39.21666666666667,1,0,FD Only,,,21,14,,1.0,,
13114-13114_game_2,2026-02-09 07:24:14,16.02,Team WE,Blue,0,30.566666666666666,0,0,Neither,,,14,22,,0.0,,
13114-13114_game_2,2026-02-09 07:24:14,16.02,Top Esports,Red,1,30.566666666666666,1,1,FD + More Grubs,,,22,14,,1.0,,
13114-13114_game_3,2026-02-09 08:22:46,16.02,Team WE,Blue,0,30.1,0,0,Neither,,,15,23,,0.0,,
13114-13114_game_3,2026-02-09 08:22:46,16.02,Top Esports,Red,1,30.1,1,1,FD + More Grubs,,,23,15,,1.0,,
13114-13114_game_4,2026-02-09 09:14:40,16.02,Team WE,Blue,1,37.46666666666667,0,1,More Grubs Only,,,18,11,,0.0,,
13114-13114_game_4,2026-02-09 09:14:40,16.02,Top Esports,Red,0,37.46666666666667,1,0,FD Only,,,11,18,,1.0,,
13114-13114_game_5,2026-02-09 10:14:02,16.02,Team WE,Blue,0,35.733333333333334,1,1,FD + More Grubs,,,16,23,,0.0,,
13114-13114_game_5,2026-02-09 10:14:02,16.02,Top Esports,Red,1,35.733333333333334,0,0,Neither,,,23,16,,1.0,,
13115-13115_game_1,2026-02-09 11:24:39,16.02,Ninjas in Pyjamas,Blue,0,41.6,0,1,More Grubs Only,,,16,15,,1.0,,
13115-13115_game_1,2026-02-09 11:24:39,16.02,Invictus Gaming,Red,1,41.6,1,0,FD Only,,,15,16,,0.0,,
13115-13115_game_2,2026-02-09 12:29:15,16.02,Invictus Gaming,Blue,0,32.333333333333336,1,1,FD + More Grubs,,,3,12,,0.0,,
13115-13115_game_2,2026-02-09 12:29:15,16.02,Ninjas in Pyjamas,Red,1,32.333333333333336,0,0,Neither,,,12,3,,1.0,,
13115-13115_game_3,2026-02-09 13:26:36,16.02,Invictus Gaming,Blue,0,33.03333333333333,1,1,FD + More Grubs,,,9,16,,0.0,,
13115-13115_game_3,2026-02-09 13:26:36,16.02,Ninjas in Pyjamas,Red,1,33.03333333333333,0,0,Neither,,,16,9,,1.0,,
13115-13115_game_4,2026-02-09 14:22:57,16.02,Invictus Gaming,Blue,0,32.85,1,1,FD + More Grubs,,,4,14,,0.0,,
13115-13115_game_4,2026-02-09 14:22:57,16.02,Ninjas in Pyjamas,Red,1,32.85,0,0,Neither,,,14,4,,1.0,,
13116-13116_game_1,2026-02-10 06:09:39,16.02,ThunderTalk Gaming,Blue,0,26.883333333333333,0,1,More Grubs Only,,,4,12,,0.0,,
13116-13116_game_1,2026-02-10 06:09:39,16.02,LNG Esports,Red,1,26.883333333333333,1,0,FD Only,,,12,4,,1.0,,
13116-13116_game_2,2026-02-10 06:57:56,16.02,ThunderTalk Gaming,Blue,0,43.03333333333333,1,1,FD + More Grubs,,,20,29,,0.0,,
13116-13116_game_2,2026-02-10 06:57:56,16.02,LNG Esports,Red,1,43.03333333333333,0,0,Neither,,,29,20,,1.0,,
13116-13116_game_3,2026-02-10 08:04:22,16.02,LNG Esports,Blue,1,39.38333333333333,0,1,More Grubs Only,,,16,11,,1.0,,
13116-13116_game_3,2026-02-10 08:04:22,16.02,ThunderTalk Gaming,Red,0,39.38333333333333,1,0,FD Only,,,11,16,,0.0,,
13117-13117_game_1,2026-02-10 09:32:27,16.02,Oh My God,Blue,1,41.4,1,1,FD + More Grubs,,,18,11,,1.0,,
13117-13117_game_1,2026-02-10 09:32:27,16.02,EDward Gaming,Red,0,41.4,0,0,Neither,,,11,18,,0.0,,
13117-13117_game_2,2026-02-10 10:37:42,16.02,Oh My God,Blue,1,37.483333333333334,0,0,Neither,,,22,17,,0.0,,
13117-13117_game_2,2026-02-10 10:37:42,16.02,EDward Gaming,Red,0,37.483333333333334,1,1,FD + More Grubs,,,17,22,,1.0,,
13117-13117_game_3,2026-02-10 11:37:43,16.02,Oh My God,Blue,0,33.666666666666664,0,1,More Grubs Only,,,8,17,,0.0,,
13117-13117_game_3,2026-02-10 11:37:43,16.02,EDward Gaming,Red,1,33.666666666666664,1,0,FD Only,,,17,8,,1.0,,
13117-13117_game_4,2026-02-10 12:34:34,16.02,EDward Gaming,Blue,0,44.1,0,1,More Grubs Only,,,17,19,,1.0,,
13117-13117_game_4,2026-02-10 12:34:34,16.02,Oh My God,Red,1,44.1,1,0,FD Only,,,19,17,,0.0,,
13118-13118_game_1,2026-02-11 06:11:04,16.02,Oh My God,Blue,0,46.266666666666666,0,1,More Grubs Only,,,11,22,,1.0,,
13118-13118_game_1,2026-02-11 06:11:04,16.02,Invictus Gaming,Red,1,46.266666666666666,1,0,FD Only,,,22,11,,0.0,,
13118-13118_game_2,2026-02-11 07:20:17,16.02,Invictus Gaming,Blue,1,31.433333333333334,0,1,More Grubs Only,,,13,5,,1.0,,
13118-13118_game_2,2026-02-11 07:20:17,16.02,Oh My God,Red,0,31.433333333333334,1,0,FD Only,,,5,13,,0.0,,
13118-13118_game_3,2026-02-11 08:13:26,16.02,Invictus Gaming,Blue,1,29.683333333333334,1,1,FD + More Grubs,,,26,14,,1.0,,
13118-13118_game_3,2026-02-11 08:13:26,16.02,Oh My God,Red,0,29.683333333333334,0,0,Neither,,,14,26,,0.0,,
13119-13119_game_1,2026-02-11 09:17:05,16.02,LNG Esports,Blue,0,37.78333333333333,0,0,Neither,,,14,24,,0.0,,
13119-13119_game_1,2026-02-11 09:17:05,16.02,Team WE,Red,1,37.78333333333333,1,1,FD + More Grubs,,,24,14,,1.0,,
13119-13119_game_2,2026-02-11 10:16:45,16.02,Team WE,Blue,1,36.3,0,1,More Grubs Only,,,18,23,,0.0,,
13119-13119_game_2,2026-02-11 10:16:45,16.02,LNG Esports,Red,0,36.3,1,0,FD Only,,,23,18,,1.0,,
13119-13119_game_3,2026-02-11 11:15:40,16.02,Team WE,Blue,0,30.95,0,0,Neither,,,8,30,,1.0,,
13119-13119_game_3,2026-02-11 11:15:40,16.02,LNG Esports,Red,1,30.95,1,1,FD + More Grubs,,,30,8,,0.0,,
13119-13119_game_4,2026-02-11 12:10:08,16.02,LNG Esports,Blue,0,38.78333333333333,1,0,FD Only,,,22,28,,0.0,,
13119-13119_game_4,2026-02-11 12:10:08,16.02,Team WE,Red,1,38.78333333333333,0,1,More Grubs Only,,,28,22,,1.0,,
13121-13121_game_2,2026-02-24 07:04:44,16.03,Top Esports,Blue,0,23.066666666666666,0,1,More Grubs Only,,,3,19,,0.0,,
13121-13121_game_2,2026-02-24 07:04:44,16.03,JD Gaming,Red,1,23.066666666666666,1,0,FD Only,,,19,3,,1.0,,
13121-13121_game_3,2026-02-24 07:51:36,16.03,JD Gaming,Blue,0,35.95,0,0,Neither,,,16,17,,0.0,,
13121-13121_game_3,2026-02-24 07:51:36,16.03,Top Esports,Red,1,35.95,1,1,FD + More Grubs,,,16,16,,1.0,,
13121-13121_game_4,2026-02-24 08:49:42,16.03,JD Gaming,Blue,1,32.96666666666667,0,0,Neither,,,23,12,,1.0,,
13121-13121_game_4,2026-02-24 08:49:42,16.03,Top Esports,Red,0,32.96666666666667,1,1,FD + More Grubs,,,12,23,,0.0,,
13121-13121_game_5,2026-02-24 09:45:40,16.03,JD Gaming,Blue,1,29.766666666666666,0,1,More Grubs Only,,,20,11,,1.0,,
13121-13121_game_5,2026-02-24 09:45:40,16.03,Top Esports,Red,0,29.766666666666666,1,0,FD Only,,,11,20,,0.0,,
13122-13122_game_1,2026-02-24 11:12:57,16.03,Team WE,Blue,0,26.533333333333335,0,1,More Grubs Only,,,9,23,,0.0,,
13122-13122_game_1,2026-02-24 11:12:57,16.03,Anyone's Legend,Red,1,26.533333333333335,1,0,FD Only,,,23,9,,1.0,,
13122-13122_game_2,2026-02-24 12:03:06,16.03,Anyone's Legend,Blue,1,25.983333333333334,0,1,More Grubs Only,,,18,3,,1.0,,
13122-13122_game_2,2026-02-24 12:03:06,16.03,Team WE,Red,0,25.983333333333334,1,0,FD Only,,,3,18,,0.0,,
13122-13122_game_3,2026-02-24 12:52:59,16.03,Anyone's Legend,Blue,1,21.966666666666665,1,0,FD Only,,,28,5,,1.0,,
13122-13122_game_3,2026-02-24 12:52:59,16.03,Team WE,Red,0,21.966666666666665,0,1,More Grubs Only,,,5,28,,0.0,,
13124-13124_game_1,2026-02-25 09:30:11,16.03,Bilibili Gaming,Blue,1,27.4,0,1,More Grubs Only,,,19,7,,1.0,,
13124-13124_game_1,2026-02-25 09:30:11,16.03,Ninjas in Pyjamas,Red,0,27.4,1,0,FD Only,,,7,19,,0.0,,
13124-13124_game_2,2026-02-25 10:24:57,16.03,Bilibili Gaming,Blue,1,30.766666666666666,0,1,More Grubs Only,,,26,10,,0.0,,
13124-13124_game_2,2026-02-25 10:24:57,16.03,Ninjas in Pyjamas,Red,0,30.766666666666666,1,0,FD Only,,,10,26,,1.0,,
13124-13124_game_3,2026-02-25 11:20:16,16.03,Bilibili Gaming,Blue,1,31.25,1,1,FD + More Grubs,,,29,13,,1.0,,
13124-13124_game_3,2026-02-25 11:20:16,16.03,Ninjas in Pyjamas,Red,0,31.25,0,0,Neither,,,13,29,,0.0,,
13125-13125_game_2,2026-02-26 10:08:15,16.03,Anyone's Legend,Blue,0,33.78333333333333,0,1,More Grubs Only,,,16,14,,0.0,,
13125-13125_game_2,2026-02-26 10:08:15,16.03,JD Gaming,Red,1,33.78333333333333,1,0,FD Only,,,14,16,,1.0,,
13125-13125_game_3,2026-02-26 11:05:57,16.03,JD Gaming,Blue,1,35.13333333333333,0,0,Neither,,,14,2,,0.0,,
13125-13125_game_3,2026-02-26 11:05:57,16.03,Anyone's Legend,Red,0,35.13333333333333,1,1,FD + More Grubs,,,2,14,,1.0,,
13125-13125_game_4,2026-02-26 12:05:34,16.03,JD Gaming,Blue,0,26.516666666666666,1,1,FD + More Grubs,,,7,20,,1.0,,
13125-13125_game_4,2026-02-26 12:05:34,16.03,Anyone's Legend,Red,1,26.516666666666666,0,0,Neither,,,20,7,,0.0,,
13125-13125_game_5,2026-02-26 12:55:32,16.03,Anyone's Legend,Blue,0,38.13333333333333,1,1,FD + More Grubs,,,6,12,,0.0,,
13125-13125_game_5,2026-02-26 12:55:32,16.03,JD Gaming,Red,1,38.13333333333333,0,0,Neither,,,12,6,,1.0,,
13127-13127_game_2,2026-02-28 10:03:23,16.03,Team WE,Blue,0,30.1,1,0,FD Only,,,10,25,,0.0,,
13127-13127_game_2,2026-02-28 10:03:23,16.03,Top Esports,Red,1,30.1,0,1,More Grubs Only,,,25,10,,1.0,,
13127-13127_game_3,2026-02-28 10:55:27,16.03,Team WE,Blue,0,28.183333333333334,0,0,Neither,,,7,29,,0.0,,
13127-13127_game_3,2026-02-28 10:55:27,16.03,Top Esports,Red,1,28.183333333333334,1,1,FD + More Grubs,,,29,7,,1.0,,
13128-13128_game_2,2026-03-01 10:09:54,16.03,Invictus Gaming,Blue,0,41.8,1,0,FD Only,,,11,21,,0.0,,
13128-13128_game_2,2026-03-01 10:09:54,16.03,Ninjas in Pyjamas,Red,1,41.8,0,1,More Grubs Only,,,21,11,,1.0,,
13128-13128_game_3,2026-03-01 11:15:44,16.03,Invictus Gaming,Blue,1,27.0,1,1,FD + More Grubs,,,24,10,,0.0,,
13128-13128_game_3,2026-03-01 11:15:44,16.03,Ninjas in Pyjamas,Red,0,27.0,0,0,Neither,,,10,24,,1.0,,
13128-13128_game_4,2026-03-01 12:10:43,16.03,Invictus Gaming,Blue,1,39.35,0,0,Neither,,,15,12,,1.0,,
13128-13128_game_4,2026-03-01 12:10:43,16.03,Ninjas in Pyjamas,Red,0,39.35,1,1,FD + More Grubs,,,12,15,,0.0,,
13129-13129_game_2,2026-03-02 10:05:06,16.03,Weibo Gaming,Blue,0,33.25,1,1,FD + More Grubs,,,16,16,,1.0,,
13129-13129_game_2,2026-03-02 10:05:06,16.03,Top Esports,Red,1,33.25,0,0,Neither,,,16,16,,0.0,,
13129-13129_game_3,2026-03-02 11:01:53,16.03,Weibo Gaming,Blue,1,32.733333333333334,1,1,FD + More Grubs,,,15,11,,1.0,,
13129-13129_game_3,2026-03-02 11:01:53,16.03,Top Esports,Red,0,32.733333333333334,0,0,Neither,,,11,15,,0.0,,
13129-13129_game_1,2026-03-02 09:10:40,16.03,Weibo Gaming,Blue,1,31.05,1,0,FD Only,,,26,8,,1.0,,
13129-13129_game_1,2026-03-02 09:10:40,16.03,Top Esports,Red,0,31.05,0,1,More Grubs Only,,,8,26,,0.0,,
13129-13129_game_4,2026-03-02 11:58:44,16.03,Weibo Gaming,Blue,0,30.616666666666667,0,0,Neither,,,14,23,,0.0,,
13129-13129_game_4,2026-03-02 11:58:44,16.03,Top Esports,Red,1,30.616666666666667,1,1,FD + More Grubs,,,23,14,,1.0,,
13129-13129_game_5,2026-03-02 12:52:33,16.03,Weibo Gaming,Blue,1,35.05,1,1,FD + More Grubs,,,25,12,,1.0,,
13129-13129_game_5,2026-03-02 12:52:33,16.03,Top Esports,Red,0,35.05,0,0,Neither,,,12,25,,0.0,,
13130-13130_game_1,2026-03-03 09:11:11,16.03,Anyone's Legend,Red,1,26.766666666666666,1,0,FD Only,,,22,8,,1.0,,
13123-13123_game_1,2026-02-25 06:11:42,16.03,Invictus Gaming,Blue,0,44.916666666666664,1,1,FD + More Grubs,,,24,32,,1.0,,
13123-13123_game_1,2026-02-25 06:11:42,16.03,Weibo Gaming,Red,1,44.916666666666664,0,0,Neither,,,32,24,,0.0,,
13121-13121_game_1,2026-02-24 06:10:45,16.03,Top Esports,Blue,1,29.933333333333334,0,1,More Grubs Only,,,17,16,,0.0,,
13121-13121_game_1,2026-02-24 06:10:45,16.03,JD Gaming,Red,0,29.933333333333334,1,0,FD Only,,,16,17,,1.0,,
13123-13123_game_2,2026-02-25 07:19:27,16.03,Weibo Gaming,Blue,1,27.1,0,0,Neither,,,20,12,,0.0,,
13123-13123_game_2,2026-02-25 07:19:27,16.03,Invictus Gaming,Red,0,27.1,1,1,FD + More Grubs,,,12,20,,1.0,,
13123-13123_game_3,2026-02-25 08:13:35,16.03,Weibo Gaming,Blue,1,34.516666666666666,0,0,Neither,,,18,7,,0.0,,
13123-13123_game_3,2026-02-25 08:13:35,16.03,Invictus Gaming,Red,0,34.516666666666666,1,1,FD + More Grubs,,,7,18,,1.0,,
13130-13130_game_2,2026-03-03 10:03:06,16.03,Anyone's Legend,Blue,0,31.183333333333334,0,0,Neither,,,7,24,,0.0,,
13130-13130_game_2,2026-03-03 10:03:06,16.03,Invictus Gaming,Red,1,31.183333333333334,1,1,FD + More Grubs,,,24,7,,1.0,,
13130-13130_game_3,2026-03-03 10:56:54,16.03,Invictus Gaming,Blue,0,30.433333333333334,1,0,FD Only,,,3,10,,0.0,,
13130-13130_game_3,2026-03-03 10:56:54,16.03,Anyone's Legend,Red,1,30.433333333333334,0,1,More Grubs Only,,,10,3,,1.0,,
13125-13125_game_1,2026-02-26 09:13:13,16.03,Anyone's Legend,Blue,1,30.5,0,1,More Grubs Only,,,14,3,,1.0,,
13125-13125_game_1,2026-02-26 09:13:13,16.03,JD Gaming,Red,0,30.5,1,0,FD Only,,,3,14,,0.0,,
13130-13130_game_4,2026-03-03 11:50:49,16.03,Anyone's Legend,Blue,1,23.683333333333334,1,1,FD + More Grubs,,,18,2,,1.0,,
13130-13130_game_4,2026-03-03 11:50:49,16.03,Invictus Gaming,Red,0,23.683333333333334,0,0,Neither,,,2,18,,0.0,,
13126-13126_game_1,2026-02-27 09:14:17,16.03,Bilibili Gaming,Blue,1,32.45,0,1,More Grubs Only,,,17,15,,1.0,,
13126-13126_game_1,2026-02-27 09:14:17,16.03,Weibo Gaming,Red,0,32.45,1,0,FD Only,,,15,17,,0.0,,
13126-13126_game_2,2026-02-27 10:10:57,16.03,Bilibili Gaming,Blue,1,24.216666666666665,1,1,FD + More Grubs,,,25,9,,1.0,,
13126-13126_game_2,2026-02-27 10:10:57,16.03,Weibo Gaming,Red,0,24.216666666666665,0,0,Neither,,,9,25,,0.0,,
13126-13126_game_3,2026-02-27 10:59:24,16.03,Bilibili Gaming,Blue,1,26.15,1,1,FD + More Grubs,,,19,4,,1.0,,
13126-13126_game_3,2026-02-27 10:59:24,16.03,Weibo Gaming,Red,0,26.15,0,0,Neither,,,4,19,,0.0,,
13127-13127_game_1,2026-02-28 09:10:38,16.03,Team WE,Blue,0,29.8,0,1,More Grubs Only,,,11,21,,1.0,,
13127-13127_game_1,2026-02-28 09:10:38,16.03,Top Esports,Red,1,29.8,1,0,FD Only,,,21,11,,0.0,,
13131-13131_game_2,2026-03-04 10:18:43,16.03,JD Gaming,Blue,0,33.75,0,1,More Grubs Only,,,8,20,,1.0,,
13131-13131_game_2,2026-03-04 10:18:43,16.03,Bilibili Gaming,Red,1,33.75,1,0,FD Only,,,20,8,,0.0,,
13131-13131_game_3,2026-03-04 11:17:43,16.03,Bilibili Gaming,Blue,0,35.766666666666666,1,1,FD + More Grubs,,,14,18,,1.0,,
13131-13131_game_3,2026-03-04 11:17:43,16.03,JD Gaming,Red,1,35.766666666666666,0,0,Neither,,,18,14,,0.0,,
13128-13128_game_1,2026-03-01 09:11:06,16.03,Invictus Gaming,Blue,1,36.46666666666667,1,1,FD + More Grubs,,,19,6,,1.0,,
13128-13128_game_1,2026-03-01 09:11:06,16.03,Ninjas in Pyjamas,Red,0,36.46666666666667,0,0,Neither,,,6,19,,0.0,,
13131-13131_game_4,2026-03-04 12:17:40,16.03,JD Gaming,Blue,0,30.316666666666666,1,0,FD Only,,,4,17,,0.0,,
13131-13131_game_4,2026-03-04 12:17:40,16.03,Bilibili Gaming,Red,1,30.316666666666666,0,1,More Grubs Only,,,17,4,,1.0,,
13130-13130_game_1,2026-03-03 09:11:11,16.03,Invictus Gaming,Blue,0,26.766666666666666,0,1,More Grubs Only,,,8,22,,0.0,,
13131-13131_game_5,2026-03-04 13:12:43,16.03,Bilibili Gaming,Blue,1,29.483333333333334,0,1,More Grubs Only,,,12,6,,1.0,,
13131-13131_game_5,2026-03-04 13:12:43,16.03,JD Gaming,Red,0,29.483333333333334,1,0,FD Only,,,6,12,,0.0,,
13132-13132_game_1,2026-03-05 09:12:47,16.03,Anyone's Legend,Blue,0,34.083333333333336,0,1,More Grubs Only,,,11,21,,0.0,,
13132-13132_game_1,2026-03-05 09:12:47,16.03,Weibo Gaming,Red,1,34.083333333333336,1,0,FD Only,,,21,11,,1.0,,
13131-13131_game_1,2026-03-04 09:12:44,16.03,JD Gaming,Blue,1,39.21666666666667,1,1,FD + More Grubs,,,11,13,,0.0,,
13131-13131_game_1,2026-03-04 09:12:44,16.03,Bilibili Gaming,Red,0,39.21666666666667,0,0,Neither,,,13,11,,1.0,,
13132-13132_game_2,2026-03-05 10:10:05,16.03,Weibo Gaming,Blue,1,36.0,0,0,Neither,,,22,10,,0.0,,
13132-13132_game_2,2026-03-05 10:10:05,16.03,Anyone's Legend,Red,0,36.0,1,1,FD + More Grubs,,,10,22,,1.0,,
13132-13132_game_3,2026-03-05 11:09:49,16.03,Weibo Gaming,Blue,0,32.53333333333333,0,1,More Grubs Only,,,9,12,,0.0,,
13132-13132_game_3,2026-03-05 11:09:49,16.03,Anyone's Legend,Red,1,32.53333333333333,1,0,FD Only,,,12,9,,1.0,,
13132-13132_game_4,2026-03-05 12:06:06,16.03,Anyone's Legend,Blue,0,33.083333333333336,1,0,FD Only,,,6,18,,0.0,,
13132-13132_game_4,2026-03-05 12:06:06,16.03,Weibo Gaming,Red,1,33.083333333333336,0,1,More Grubs Only,,,18,6,,1.0,,
13133-13133_game_2,2026-03-07 10:09:15,16.03,JD Gaming,Blue,1,35.5,0,1,More Grubs Only,,,15,5,,1.0,,
13133-13133_game_2,2026-03-07 10:09:15,16.03,Weibo Gaming,Red,0,35.5,1,0,FD Only,,,5,16,,0.0,,
13133-13133_game_3,2026-03-07 11:07:43,16.03,JD Gaming,Blue,1,27.75,0,1,More Grubs Only,,,14,13,,1.0,,
13133-13133_game_3,2026-03-07 11:07:43,16.03,Weibo Gaming,Red,0,27.75,1,0,FD Only,,,13,14,,0.0,,
13134-13134_game_4,2026-03-08 12:04:35,16.03,JD Gaming,Blue,0,33.68333333333333,1,1,FD + More Grubs,,,6,17,,1.0,,
13134-13134_game_4,2026-03-08 12:04:35,16.03,Bilibili Gaming,Red,1,33.68333333333333,0,0,Neither,,,17,6,,0.0,,
13133-13133_game_1,2026-03-07 09:12:06,16.03,JD Gaming,Blue,1,32.71666666666667,1,1,FD + More Grubs,,,13,4,,1.0,,
13133-13133_game_1,2026-03-07 09:12:06,16.03,Weibo Gaming,Red,0,32.71666666666667,0,0,Neither,,,4,14,,0.0,,
13134-13134_game_2,2026-03-08 10:16:46,16.03,Bilibili Gaming,Blue,1,29.916666666666668,1,1,FD + More Grubs,,,27,10,,0.0,,
13134-13134_game_2,2026-03-08 10:16:46,16.03,JD Gaming,Red,0,29.916666666666668,0,0,Neither,,,10,27,,1.0,,
13134-13134_game_1,2026-03-08 09:17:50,16.03,Bilibili Gaming,Blue,1,35.5,0,1,More Grubs Only,,,16,13,,1.0,,
13134-13134_game_1,2026-03-08 09:17:50,16.03,JD Gaming,Red,0,35.5,1,0,FD Only,,,13,16,,0.0,,
13134-13134_game_3,2026-03-08 11:10:12,16.03,Bilibili Gaming,Blue,0,26.266666666666666,0,0,Neither,,,6,15,,1.0,,
13134-13134_game_3,2026-03-08 11:10:12,16.03,JD Gaming,Red,1,26.266666666666666,1,1,FD + More Grubs,,,15,6,,0.0,,
13209-13209_game_2,2026-04-04 10:23:57,16.07,Anyone's Legend,Blue,1,31.866666666666667,0,1,More Grubs Only,,,15,9,,1.0,,
13209-13209_game_2,2026-04-04 10:23:57,16.07,Weibo Gaming,Red,0,31.866666666666667,1,0,FD Only,,,9,15,,0.0,,
13210-13210_game_1,2026-04-04 11:31:14,16.07,Team WE,Blue,0,32.03333333333333,0,0,Neither,,,3,18,,0.0,,
13210-13210_game_1,2026-04-04 11:31:14,16.07,Ninjas in Pyjamas,Red,1,32.03333333333333,1,1,FD + More Grubs,,,18,3,,1.0,,
13210-13210_game_2,2026-04-04 12:31:00,16.07,Ninjas in Pyjamas,Blue,1,22.616666666666667,0,1,More Grubs Only,,,23,5,,0.0,,
13210-13210_game_2,2026-04-04 12:31:00,16.07,Team WE,Red,0,22.616666666666667,1,0,FD Only,,,5,23,,1.0,,
13213-13213_game_2,2026-04-08 10:23:55,16.07,Ninjas in Pyjamas,Blue,1,32.983333333333334,1,1,FD + More Grubs,,,9,5,,1.0,,
13213-13213_game_2,2026-04-08 10:23:55,16.07,Invictus Gaming,Red,0,32.983333333333334,0,0,Neither,,,5,9,,0.0,,
13213-13213_game_3,2026-04-08 11:21:42,16.07,Invictus Gaming,Blue,1,30.9,1,1,FD + More Grubs,,,27,8,,1.0,,
13213-13213_game_3,2026-04-08 11:21:42,16.07,Ninjas in Pyjamas,Red,0,30.9,0,0,Neither,,,8,27,,0.0,,
13214-13214_game_1,2026-04-08 12:29:51,16.07,Top Esports,Blue,1,40.25,1,1,FD + More Grubs,,,32,13,,1.0,,
13214-13214_game_1,2026-04-08 12:29:51,16.07,Team WE,Red,0,40.25,0,0,Neither,,,13,32,,0.0,,
13214-13214_game_2,2026-04-08 13:43:56,16.07,Top Esports,Blue,1,30.3,0,0,Neither,,,18,4,,0.0,,
13214-13214_game_2,2026-04-08 13:43:56,16.07,Team WE,Red,0,30.3,1,1,FD + More Grubs,,,4,18,,1.0,,
13215-13215_game_3,2026-04-09 11:05:35,16.07,Ninjas in Pyjamas,Blue,1,29.633333333333333,1,1,FD + More Grubs,,,16,6,,1.0,,
13215-13215_game_3,2026-04-09 11:05:35,16.07,Weibo Gaming,Red,0,29.633333333333333,0,0,Neither,,,6,16,,0.0,,
13216-13216_game_1,2026-04-09 12:15:02,16.07,Team WE,Blue,0,25.583333333333332,0,1,More Grubs Only,,,9,25,,1.0,,
13216-13216_game_1,2026-04-09 12:15:02,16.07,Bilibili Gaming,Red,1,25.583333333333332,1,0,FD Only,,,25,9,,0.0,,
13216-13216_game_2,2026-04-09 13:07:10,16.07,Bilibili Gaming,Blue,1,25.233333333333334,1,1,FD + More Grubs,,,17,13,,1.0,,
13216-13216_game_2,2026-04-09 13:07:10,16.07,Team WE,Red,0,25.233333333333334,0,0,Neither,,,13,17,,0.0,,
13208-13208_game_2,2026-04-04 08:16:41,16.07,Invictus Gaming,Blue,1,25.45,1,1,FD + More Grubs,,,23,4,,1.0,,
13208-13208_game_2,2026-04-04 08:16:41,16.07,Top Esports,Red,0,25.45,0,0,Neither,,,4,23,,0.0,,
13208-13208_game_1,2026-04-04 07:13:58,16.07,Invictus Gaming,Blue,1,31.033333333333335,0,1,More Grubs Only,,,17,9,,1.0,,
13208-13208_game_1,2026-04-04 07:13:58,16.07,Top Esports,Red,0,31.033333333333335,1,0,FD Only,,,9,17,,0.0,,
13217-13217_game_1,2026-04-10 09:12:32,16.07,LNG Esports,Blue,1,39.28333333333333,1,0,FD Only,,,11,5,,0.0,,
13217-13217_game_1,2026-04-10 09:12:32,16.07,EDward Gaming,Red,0,39.28333333333333,0,1,More Grubs Only,,,5,11,,1.0,,
13209-13209_game_1,2026-04-04 09:31:10,16.07,Anyone's Legend,Blue,1,28.7,1,0,FD Only,,,19,3,,1.0,,
13209-13209_game_1,2026-04-04 09:31:10,16.07,Weibo Gaming,Red,0,28.7,0,1,More Grubs Only,,,3,19,,0.0,,
13217-13217_game_2,2026-04-10 10:17:13,16.07,LNG Esports,Blue,0,37.68333333333333,0,1,More Grubs Only,,,9,15,,0.0,,
13217-13217_game_2,2026-04-10 10:17:13,16.07,EDward Gaming,Red,1,37.68333333333333,1,0,FD Only,,,15,9,,1.0,,
13211-13211_game_1,2026-04-05 09:14:57,16.07,JD Gaming,Blue,0,26.683333333333334,0,1,More Grubs Only,,,5,21,,0.0,,
13211-13211_game_1,2026-04-05 09:14:57,16.07,Bilibili Gaming,Red,1,26.683333333333334,1,0,FD Only,,,21,5,,1.0,,
13211-13211_game_2,2026-04-05 10:06:34,16.07,Bilibili Gaming,Blue,0,29.283333333333335,0,0,Neither,,,8,13,,0.0,,
13211-13211_game_2,2026-04-05 10:06:34,16.07,JD Gaming,Red,1,29.283333333333335,1,1,FD + More Grubs,,,13,8,,1.0,,
13211-13211_game_3,2026-04-05 11:00:46,16.07,JD Gaming,Blue,0,40.15,0,1,More Grubs Only,,,14,25,,0.0,,
13211-13211_game_3,2026-04-05 11:00:46,16.07,Bilibili Gaming,Red,1,40.15,1,0,FD Only,,,25,14,,1.0,,
13212-13212_game_1,2026-04-05 12:18:17,16.07,Top Esports,Blue,1,37.28333333333333,0,1,More Grubs Only,,,16,16,,1.0,,
13212-13212_game_1,2026-04-05 12:18:17,16.07,Anyone's Legend,Red,0,37.28333333333333,1,0,FD Only,,,16,16,,0.0,,
13212-13212_game_2,2026-04-05 13:18:03,16.07,Top Esports,Blue,1,25.416666666666668,0,1,More Grubs Only,,,19,7,,1.0,,
13212-13212_game_2,2026-04-05 13:18:03,16.07,Anyone's Legend,Red,0,25.416666666666668,1,0,FD Only,,,7,19,,0.0,,
13217-13217_game_3,2026-04-10 11:20:44,16.07,EDward Gaming,Blue,1,34.416666666666664,1,1,FD + More Grubs,,,15,5,,0.0,,
13217-13217_game_3,2026-04-10 11:20:44,16.07,LNG Esports,Red,0,34.416666666666664,0,0,Neither,,,5,15,,1.0,,
13218-13218_game_2,2026-04-10 13:27:20,16.07,Anyone's Legend,Blue,0,29.516666666666666,0,0,Neither,,,2,23,,0.0,,
13218-13218_game_2,2026-04-10 13:27:20,16.07,JD Gaming,Red,1,29.516666666666666,1,1,FD + More Grubs,,,23,2,,1.0,,
13220-13220_game_2,2026-04-11 12:25:00,16.07,JD Gaming,Blue,0,29.466666666666665,0,1,More Grubs Only,,,10,18,,0.0,,
13220-13220_game_2,2026-04-11 12:25:00,16.07,Top Esports,Red,1,29.466666666666665,1,0,FD Only,,,18,10,,1.0,,
13221-13221_game_3,2026-04-12 10:54:26,16.07,LGD Gaming,Blue,1,30.316666666666666,1,1,FD + More Grubs,,,16,2,,1.0,,
13221-13221_game_3,2026-04-12 10:54:26,16.07,Oh My God,Red,0,30.316666666666666,0,0,Neither,,,2,16,,0.0,,
13222-13222_game_1,2026-04-12 12:03:04,16.07,Weibo Gaming,Blue,0,40.35,0,0,Neither,,,15,26,,0.0,,
13222-13222_game_1,2026-04-12 12:03:04,16.07,Bilibili Gaming,Red,1,40.35,1,1,FD + More Grubs,,,26,15,,1.0,,
13222-13222_game_2,2026-04-12 13:06:44,16.07,Bilibili Gaming,Blue,1,27.1,0,1,More Grubs Only,,,25,10,,1.0,,
13222-13222_game_2,2026-04-12 13:06:44,16.07,Weibo Gaming,Red,0,27.1,1,0,FD Only,,,10,25,,0.0,,
13224-13224_game_1,2026-04-15 11:14:10,16.07,Invictus Gaming,Blue,1,33.083333333333336,0,1,More Grubs Only,,,21,6,,1.0,,
13224-13224_game_1,2026-04-15 11:14:10,16.07,Weibo Gaming,Red,0,33.083333333333336,1,0,FD Only,,,6,21,,0.0,,
13224-13224_game_2,2026-04-15 12:10:39,16.07,Invictus Gaming,Blue,0,38.516666666666666,0,0,Neither,,,16,27,,1.0,,
13224-13224_game_2,2026-04-15 12:10:39,16.07,Weibo Gaming,Red,1,38.516666666666666,1,1,FD + More Grubs,,,27,16,,0.0,,
13213-13213_game_1,2026-04-08 09:15:14,16.07,Invictus Gaming,Blue,1,33.8,1,1,FD + More Grubs,,,11,13,,0.0,,
13213-13213_game_1,2026-04-08 09:15:14,16.07,Ninjas in Pyjamas,Red,0,33.8,0,0,Neither,,,13,11,,1.0,,
13224-13224_game_3,2026-04-15 13:12:53,16.07,Invictus Gaming,Blue,0,36.3,1,0,FD Only,,,12,16,,0.0,,
13224-13224_game_3,2026-04-15 13:12:53,16.07,Weibo Gaming,Red,1,36.3,0,1,More Grubs Only,,,16,12,,1.0,,
13225-13225_game_2,2026-04-16 10:05:53,16.07,Anyone's Legend,Blue,1,47.71666666666667,0,1,More Grubs Only,,,13,13,,0.0,,
13225-13225_game_2,2026-04-16 10:05:53,16.07,Team WE,Red,0,47.71666666666667,1,0,FD Only,,,13,13,,1.0,,
13215-13215_game_1,2026-04-09 09:12:12,16.07,Weibo Gaming,Blue,1,32.03333333333333,1,0,FD Only,,,24,15,,1.0,,
13215-13215_game_1,2026-04-09 09:12:12,16.07,Ninjas in Pyjamas,Red,0,32.03333333333333,0,1,More Grubs Only,,,15,24,,0.0,,
13215-13215_game_2,2026-04-09 10:07:15,16.07,Weibo Gaming,Blue,0,34.45,0,1,More Grubs Only,,,12,16,,0.0,,
13215-13215_game_2,2026-04-09 10:07:15,16.07,Ninjas in Pyjamas,Red,1,34.45,1,0,FD Only,,,16,12,,1.0,,
13227-13227_game_2,2026-04-17 10:07:51,16.07,ThunderTalk Gaming,Blue,1,29.966666666666665,1,0,FD Only,,,15,11,,0.0,,
13227-13227_game_2,2026-04-17 10:07:51,16.07,Oh My God,Red,0,29.966666666666665,0,1,More Grubs Only,,,11,15,,1.0,,
13227-13227_game_3,2026-04-17 11:01:20,16.07,ThunderTalk Gaming,Blue,1,31.566666666666666,1,0,FD Only,,,20,4,,1.0,,
13218-13218_game_1,2026-04-10 12:28:13,16.07,JD Gaming,Blue,1,33.11666666666667,1,1,FD + More Grubs,,,15,4,,0.0,,
13218-13218_game_1,2026-04-10 12:28:13,16.07,Anyone's Legend,Red,0,33.11666666666667,0,0,Neither,,,4,15,,1.0,,
13227-13227_game_3,2026-04-17 11:01:20,16.07,Oh My God,Red,0,31.566666666666666,0,1,More Grubs Only,,,4,20,,0.0,,
13228-13228_game_1,2026-04-17 12:10:59,16.07,Ninjas in Pyjamas,Blue,1,26.716666666666665,1,1,FD + More Grubs,,,23,10,,1.0,,
13228-13228_game_1,2026-04-17 12:10:59,16.07,JD Gaming,Red,0,26.716666666666665,0,0,Neither,,,10,23,,0.0,,
13228-13228_game_2,2026-04-17 12:59:52,16.07,Ninjas in Pyjamas,Blue,1,35.666666666666664,1,0,FD Only,,,16,12,,0.0,,
13228-13228_game_2,2026-04-17 12:59:52,16.07,JD Gaming,Red,0,35.666666666666664,0,1,More Grubs Only,,,12,16,,1.0,,
13229-13229_game_2,2026-04-18 10:14:03,16.07,Invictus Gaming,Blue,1,30.133333333333333,0,1,More Grubs Only,,,29,13,,0.0,,
13229-13229_game_2,2026-04-18 10:14:03,16.07,Bilibili Gaming,Red,0,30.133333333333333,1,0,FD Only,,,13,29,,1.0,,
13229-13229_game_3,2026-04-18 11:10:12,16.07,Invictus Gaming,Blue,0,26.933333333333334,0,0,Neither,,,5,21,,0.0,,
13219-13219_game_1,2026-04-11 09:14:28,16.07,Invictus Gaming,Blue,1,31.966666666666665,1,1,FD + More Grubs,,,23,10,,0.0,,
13219-13219_game_1,2026-04-11 09:14:28,16.07,Team WE,Red,0,31.966666666666665,0,0,Neither,,,10,23,,1.0,,
13219-13219_game_2,2026-04-11 10:17:54,16.07,Invictus Gaming,Blue,1,30.383333333333333,1,1,FD + More Grubs,,,16,8,,1.0,,
13219-13219_game_2,2026-04-11 10:17:54,16.07,Team WE,Red,0,30.383333333333333,0,0,Neither,,,8,16,,0.0,,
13229-13229_game_3,2026-04-18 11:10:12,16.07,Bilibili Gaming,Red,1,26.933333333333334,1,1,FD + More Grubs,,,21,5,,1.0,,
13220-13220_game_1,2026-04-11 11:29:17,16.07,JD Gaming,Blue,0,32.15,1,1,FD + More Grubs,,,13,18,,1.0,,
13220-13220_game_1,2026-04-11 11:29:17,16.07,Top Esports,Red,1,32.15,0,0,Neither,,,18,13,,0.0,,
13233-13233_game_2,2026-04-22 10:08:38,16.08,Weibo Gaming,Blue,1,27.483333333333334,1,1,FD + More Grubs,,,18,4,,1.0,,
13233-13233_game_2,2026-04-22 10:08:38,16.08,Team WE,Red,0,27.483333333333334,0,0,Neither,,,4,18,,0.0,,
13234-13234_game_1,2026-04-22 11:17:14,16.08,Ninjas in Pyjamas,Blue,0,37.18333333333333,1,0,FD Only,,,9,27,,1.0,,
13234-13234_game_1,2026-04-22 11:17:14,16.08,Anyone's Legend,Red,1,37.18333333333333,0,1,More Grubs Only,,,27,9,,0.0,,
13221-13221_game_1,2026-04-12 09:13:07,16.07,Oh My God,Blue,1,29.216666666666665,1,1,FD + More Grubs,,,13,4,,1.0,,
13221-13221_game_1,2026-04-12 09:13:07,16.07,LGD Gaming,Red,0,29.216666666666665,0,0,Neither,,,4,13,,0.0,,
13221-13221_game_2,2026-04-12 10:04:07,16.07,Oh My God,Blue,0,28.066666666666666,0,1,More Grubs Only,,,4,16,,1.0,,
13221-13221_game_2,2026-04-12 10:04:07,16.07,LGD Gaming,Red,1,28.066666666666666,1,0,FD Only,,,16,4,,0.0,,
13234-13234_game_2,2026-04-22 12:17:24,16.08,Anyone's Legend,Blue,1,29.683333333333334,0,1,More Grubs Only,,,15,8,,1.0,,
13234-13234_game_2,2026-04-22 12:17:24,16.08,Ninjas in Pyjamas,Red,0,29.683333333333334,1,0,FD Only,,,8,15,,0.0,,
13236-13236_game_2,2026-04-23 12:45:41,16.08,Ninjas in Pyjamas,Blue,1,31.55,0,1,More Grubs Only,,,21,10,,1.0,,
13236-13236_game_2,2026-04-23 12:45:41,16.08,Bilibili Gaming,Red,0,31.55,1,0,FD Only,,,9,21,,0.0,,
13237-13237_game_2,2026-04-24 10:08:44,16.08,Oh My God,Red,0,32.166666666666664,0,1,More Grubs Only,,,5,10,,0.0,,
13238-13238_game_1,2026-04-24 11:19:04,16.08,JD Gaming,Blue,1,31.183333333333334,1,1,FD + More Grubs,,,20,10,,1.0,,
13238-13238_game_1,2026-04-24 11:19:04,16.08,Invictus Gaming,Red,0,31.183333333333334,0,0,Neither,,,10,20,,0.0,,
13238-13238_game_2,2026-04-24 12:14:59,16.08,JD Gaming,Blue,1,26.566666666666666,0,1,More Grubs Only,,,26,7,,1.0,,
13238-13238_game_2,2026-04-24 12:14:59,16.08,Invictus Gaming,Red,0,26.566666666666666,1,0,FD Only,,,6,26,,0.0,,
13226-13226_game_1,2026-04-16 11:32:14,16.07,Top Esports,Blue,1,34.4,0,1,More Grubs Only,,,19,16,,1.0,,
13226-13226_game_1,2026-04-16 11:32:14,16.07,Bilibili Gaming,Red,0,34.4,1,0,FD Only,,,16,19,,0.0,,
13226-13226_game_2,2026-04-16 12:32:21,16.07,Top Esports,Blue,1,30.016666666666666,0,1,More Grubs Only,,,22,14,,1.0,,
13226-13226_game_2,2026-04-16 12:32:21,16.07,Bilibili Gaming,Red,0,30.016666666666666,1,0,FD Only,,,14,22,,0.0,,
13223-13223_game_1,2026-04-15 09:12:33,16.07,Ultra Prime,Blue,0,34.266666666666666,0,1,More Grubs Only,,,9,19,,1.0,,
13223-13223_game_1,2026-04-15 09:12:33,16.07,ThunderTalk Gaming,Red,1,34.266666666666666,1,0,FD Only,,,19,9,,0.0,,
13223-13223_game_2,2026-04-15 10:10:14,16.07,ThunderTalk Gaming,Blue,1,28.433333333333334,1,0,FD Only,,,22,8,,1.0,,
13223-13223_game_2,2026-04-15 10:10:14,16.07,Ultra Prime,Red,0,28.433333333333334,0,1,More Grubs Only,,,8,22,,0.0,,
13246-13246_game_2,2026-04-29 10:16:40,16.08,Ninjas in Pyjamas,Blue,0,37.43333333333333,0,1,More Grubs Only,,,9,21,,1.0,,
13246-13246_game_2,2026-04-29 10:16:40,16.08,JD Gaming,Red,1,37.43333333333333,1,0,FD Only,,,21,9,,0.0,,
13248-13248_game_1,2026-04-30 09:13:37,16.08,LGD Gaming,Red,0,27.133333333333333,0,1,More Grubs Only,,,3,21,,0.0,,
13248-13248_game_2,2026-04-30 10:02:35,16.08,ThunderTalk Gaming,Blue,0,26.5,0,0,Neither,,,1,11,,0.0,,
13248-13248_game_2,2026-04-30 10:02:35,16.08,LGD Gaming,Red,1,26.5,1,1,FD + More Grubs,,,11,1,,1.0,,
13248-13248_game_3,2026-04-30 10:52:15,16.08,LGD Gaming,Blue,1,34.75,0,1,More Grubs Only,,,18,6,,1.0,,
13248-13248_game_3,2026-04-30 10:52:15,16.08,ThunderTalk Gaming,Red,0,34.75,1,0,FD Only,,,6,18,,0.0,,
13249-13249_game_1,2026-04-30 12:06:50,16.08,EDward Gaming,Blue,1,30.883333333333333,1,1,FD + More Grubs,,,14,8,,1.0,,
13249-13249_game_1,2026-04-30 12:06:50,16.08,Ultra Prime,Red,0,30.883333333333333,0,0,Neither,,,8,14,,0.0,,
13249-13249_game_2,2026-04-30 12:58:42,16.08,EDward Gaming,Blue,0,39.55,0,0,Neither,,,3,12,,0.0,,
13249-13249_game_2,2026-04-30 12:58:42,16.08,Ultra Prime,Red,1,39.55,1,1,FD + More Grubs,,,12,3,,1.0,,
13225-13225_game_1,2026-04-16 09:13:08,16.07,Team WE,Blue,0,28.533333333333335,0,0,Neither,,,6,25,,0.0,,
13225-13225_game_1,2026-04-16 09:13:08,16.07,Anyone's Legend,Red,1,28.533333333333335,1,1,FD + More Grubs,,,25,6,,1.0,,
13249-13249_game_3,2026-04-30 14:04:33,16.08,EDward Gaming,Blue,1,36.46666666666667,0,1,More Grubs Only,,,16,16,,1.0,,
13249-13249_game_3,2026-04-30 14:04:33,16.08,Ultra Prime,Red,0,36.46666666666667,1,0,FD Only,,,16,16,,0.0,,
13251-13251_game_2,2026-05-01 12:34:20,16.08,Weibo Gaming,Blue,0,33.8,0,0,Neither,,,10,15,,0.0,,
13251-13251_game_2,2026-05-01 12:34:20,16.08,Invictus Gaming,Red,1,33.8,1,1,FD + More Grubs,,,15,10,,1.0,,
13251-13251_game_3,2026-05-01 13:30:27,16.08,Invictus Gaming,Blue,1,26.8,1,1,FD + More Grubs,,,18,5,,1.0,,
13251-13251_game_3,2026-05-01 13:30:27,16.08,Weibo Gaming,Red,0,26.8,0,0,Neither,,,5,18,,0.0,,
13252-13252_game_2,2026-05-02 08:11:32,16.08,JD Gaming,Blue,1,27.483333333333334,1,1,FD + More Grubs,,,16,3,,1.0,,
13252-13252_game_2,2026-05-02 08:11:32,16.08,Team WE,Red,0,27.483333333333334,0,0,Neither,,,3,16,,0.0,,
13227-13227_game_1,2026-04-17 09:11:55,16.07,Oh My God,Blue,1,31.316666666666666,1,1,FD + More Grubs,,,14,3,,1.0,,
13227-13227_game_1,2026-04-17 09:11:55,16.07,ThunderTalk Gaming,Red,0,31.316666666666666,0,0,Neither,,,3,14,,0.0,,
13252-13252_game_3,2026-05-02 09:03:51,16.08,JD Gaming,Blue,1,27.816666666666666,1,1,FD + More Grubs,,,25,6,,1.0,,
13252-13252_game_3,2026-05-02 09:03:51,16.08,Team WE,Red,0,27.816666666666666,0,0,Neither,,,6,25,,0.0,,
13253-13253_game_2,2026-05-02 11:08:56,16.08,Top Esports,Blue,1,29.033333333333335,0,1,More Grubs Only,,,20,7,,1.0,,
13253-13253_game_2,2026-05-02 11:08:56,16.08,Weibo Gaming,Red,0,29.033333333333335,1,0,FD Only,,,7,20,,0.0,,
13254-13254_game_1,2026-05-02 12:18:27,16.08,Invictus Gaming,Blue,0,25.316666666666666,0,1,More Grubs Only,,,8,23,,0.0,,
13254-13254_game_1,2026-05-02 12:18:27,16.08,Anyone's Legend,Red,1,25.316666666666666,1,0,FD Only,,,23,8,,1.0,,
13230-13230_game_1,2026-04-18 12:14:22,16.07,Weibo Gaming,Blue,1,40.733333333333334,0,0,Neither,,,18,5,,1.0,,
13230-13230_game_1,2026-04-18 12:14:22,16.07,JD Gaming,Red,0,40.733333333333334,1,1,FD + More Grubs,,,5,18,,0.0,,
13230-13230_game_2,2026-04-18 13:18:45,16.07,Weibo Gaming,Blue,0,34.166666666666664,0,0,Neither,,,15,15,,1.0,,
13230-13230_game_2,2026-04-18 13:18:45,16.07,JD Gaming,Red,1,34.166666666666664,1,1,FD + More Grubs,,,15,15,,0.0,,
13230-13230_game_3,2026-04-18 14:16:24,16.07,JD Gaming,Blue,1,33.36666666666667,0,1,More Grubs Only,,,15,7,,0.0,,
13230-13230_game_3,2026-04-18 14:16:24,16.07,Weibo Gaming,Red,0,33.36666666666667,1,0,FD Only,,,7,15,,1.0,,
13229-13229_game_1,2026-04-18 09:14:31,16.07,Invictus Gaming,Blue,0,34.56666666666667,1,0,FD Only,,,7,18,,0.0,,
13229-13229_game_1,2026-04-18 09:14:31,16.07,Bilibili Gaming,Red,1,34.56666666666667,0,1,More Grubs Only,,,18,7,,1.0,,
13254-13254_game_2,2026-05-02 13:07:58,16.08,Anyone's Legend,Blue,1,27.983333333333334,0,1,More Grubs Only,,,23,6,,0.0,,
13254-13254_game_2,2026-05-02 13:07:58,16.08,Invictus Gaming,Red,0,27.983333333333334,1,0,FD Only,,,6,23,,1.0,,
13257-13257_game_3,2026-05-06 10:59:19,16.09,Team WE,Blue,1,29.1,0,1,More Grubs Only,,,18,5,,1.0,,
13257-13257_game_3,2026-05-06 10:59:19,16.09,Invictus Gaming,Red,0,29.1,1,0,FD Only,,,5,18,,0.0,,
13258-13258_game_1,2026-05-06 12:08:59,16.09,JD Gaming,Blue,1,26.4,1,1,FD + More Grubs,,,26,5,,1.0,,
13258-13258_game_1,2026-05-06 12:08:59,16.09,Top Esports,Red,0,26.4,0,0,Neither,,,5,26,,0.0,,
13258-13258_game_2,2026-05-06 12:59:35,16.09,JD Gaming,Blue,0,24.066666666666666,0,1,More Grubs Only,,,6,15,,1.0,,
13232-13232_game_1,2026-04-19 11:22:40,16.07,Bilibili Gaming,Blue,1,32.083333333333336,0,1,More Grubs Only,,,12,3,,0.0,,
13232-13232_game_1,2026-04-19 11:22:40,16.07,Anyone's Legend,Red,0,32.083333333333336,1,0,FD Only,,,3,12,,1.0,,
13232-13232_game_2,2026-04-19 12:17:25,16.07,Anyone's Legend,Blue,0,36.516666666666666,0,1,More Grubs Only,,,17,19,,0.0,,
13232-13232_game_2,2026-04-19 12:17:25,16.07,Bilibili Gaming,Red,1,36.516666666666666,1,0,FD Only,,,19,17,,1.0,,
13258-13258_game_2,2026-05-06 12:59:35,16.09,Top Esports,Red,1,24.066666666666666,1,0,FD Only,,,15,6,,0.0,,
13231-13231_game_1,2026-04-19 09:12:01,16.07,Invictus Gaming,Blue,0,33.35,0,1,More Grubs Only,,,15,16,,1.0,,
13231-13231_game_1,2026-04-19 09:12:01,16.07,Top Esports,Red,1,33.35,1,0,FD Only,,,16,15,,0.0,,
13231-13231_game_2,2026-04-19 10:12:15,16.07,Invictus Gaming,Blue,0,30.833333333333332,1,1,FD + More Grubs,,,6,24,,1.0,,
13231-13231_game_2,2026-04-19 10:12:15,16.07,Top Esports,Red,1,30.833333333333332,0,0,Neither,,,24,6,,0.0,,
13258-13258_game_3,2026-05-06 13:47:26,16.09,JD Gaming,Blue,1,26.533333333333335,1,0,FD Only,,,19,10,,1.0,,
13258-13258_game_3,2026-05-06 13:47:26,16.09,Top Esports,Red,0,26.533333333333335,0,1,More Grubs Only,,,10,19,,0.0,,
13259-13259_game_1,2026-05-07 09:12:07,16.09,Team WE,Blue,0,36.0,0,1,More Grubs Only,,,16,17,,0.0,,
13259-13259_game_1,2026-05-07 09:12:07,16.09,Weibo Gaming,Red,1,36.0,1,0,FD Only,,,17,16,,1.0,,
13259-13259_game_2,2026-05-07 10:10:59,16.09,Team WE,Blue,1,33.0,1,1,FD + More Grubs,,,15,9,,1.0,,
13259-13259_game_2,2026-05-07 10:10:59,16.09,Weibo Gaming,Red,0,33.0,0,0,Neither,,,9,15,,0.0,,
13259-13259_game_3,2026-05-07 11:23:30,16.09,Team WE,Blue,0,35.53333333333333,0,0,Neither,,,9,9,,0.0,,
13259-13259_game_3,2026-05-07 11:23:30,16.09,Weibo Gaming,Red,1,35.53333333333333,1,1,FD + More Grubs,,,9,9,,1.0,,
13260-13260_game_1,2026-05-07 12:39:41,16.09,Anyone's Legend,Blue,0,33.666666666666664,0,1,More Grubs Only,,,1,15,,0.0,,
13260-13260_game_1,2026-05-07 12:39:41,16.09,Ninjas in Pyjamas,Red,1,33.666666666666664,1,0,FD Only,,,15,1,,1.0,,
13260-13260_game_2,2026-05-07 13:36:42,16.09,Ninjas in Pyjamas,Blue,1,31.15,1,1,FD + More Grubs,,,15,7,,1.0,,
13260-13260_game_2,2026-05-07 13:36:42,16.09,Anyone's Legend,Red,0,31.15,0,0,Neither,,,7,15,,0.0,,
13261-13261_game_2,2026-05-08 10:15:33,16.09,LNG Esports,Blue,0,39.333333333333336,1,1,FD + More Grubs,,,23,27,,1.0,,
13261-13261_game_2,2026-05-08 10:15:33,16.09,Ultra Prime,Red,1,39.333333333333336,0,0,Neither,,,27,23,,0.0,,
13233-13233_game_1,2026-04-22 09:14:11,16.08,Weibo Gaming,Blue,1,31.1,0,1,More Grubs Only,,,15,10,,0.0,,
13233-13233_game_1,2026-04-22 09:14:11,16.08,Team WE,Red,0,31.1,1,0,FD Only,,,10,15,,1.0,,
13261-13261_game_3,2026-05-08 11:17:03,16.09,LNG Esports,Blue,1,30.216666666666665,1,1,FD + More Grubs,,,14,8,,1.0,,
13261-13261_game_3,2026-05-08 11:17:03,16.09,Ultra Prime,Red,0,30.216666666666665,0,0,Neither,,,8,14,,0.0,,
13262-13262_game_1,2026-05-08 12:26:50,16.09,JD Gaming,Blue,0,38.85,1,1,FD + More Grubs,,,6,18,,1.0,,
13262-13262_game_1,2026-05-08 12:26:50,16.09,Bilibili Gaming,Red,1,38.85,0,0,Neither,,,18,6,,0.0,,
13262-13262_game_2,2026-05-08 13:29:02,16.09,JD Gaming,Blue,0,28.583333333333332,0,1,More Grubs Only,,,9,27,,0.0,,
13262-13262_game_2,2026-05-08 13:29:02,16.09,Bilibili Gaming,Red,1,28.583333333333332,1,0,FD Only,,,26,9,,1.0,,
13235-13235_game_1,2026-04-23 09:12:44,16.08,LGD Gaming,Blue,1,26.516666666666666,0,1,More Grubs Only,,,15,5,,0.0,,
13235-13235_game_1,2026-04-23 09:12:44,16.08,EDward Gaming,Red,0,26.516666666666666,1,0,FD Only,,,5,15,,1.0,,
13235-13235_game_2,2026-04-23 10:02:41,16.08,LGD Gaming,Blue,1,49.9,0,0,Neither,,,16,10,,0.0,,
13235-13235_game_2,2026-04-23 10:02:41,16.08,EDward Gaming,Red,0,49.9,1,1,FD + More Grubs,,,10,16,,1.0,,
13236-13236_game_1,2026-04-23 11:49:04,16.08,Ninjas in Pyjamas,Blue,1,33.88333333333333,1,1,FD + More Grubs,,,24,24,,1.0,,
13236-13236_game_1,2026-04-23 11:49:04,16.08,Bilibili Gaming,Red,0,33.88333333333333,0,0,Neither,,,23,24,,0.0,,
13265-13265_game_2,2026-05-10 10:12:35,16.09,Weibo Gaming,Blue,1,36.45,0,1,More Grubs Only,,,21,12,,0.0,,
13265-13265_game_2,2026-05-10 10:12:35,16.09,Ninjas in Pyjamas,Red,0,36.45,1,0,FD Only,,,12,21,,1.0,,
13266-13266_game_2,2026-05-10 12:30:06,16.09,JD Gaming,Red,0,28.983333333333334,0,0,Neither,,,3,14,,1.0,,
13266-13266_game_3,2026-05-10 13:23:10,16.09,JD Gaming,Blue,1,24.816666666666666,1,1,FD + More Grubs,,,15,5,,1.0,,
13266-13266_game_3,2026-05-10 13:23:10,16.09,Anyone's Legend,Red,0,24.816666666666666,0,0,Neither,,,5,15,,0.0,,
13267-13267_game_2,2026-05-12 10:02:59,16.09,Ninjas in Pyjamas,Blue,0,26.95,0,1,More Grubs Only,,,9,15,,0.0,,
13267-13267_game_2,2026-05-12 10:02:59,16.09,Top Esports,Red,1,26.95,1,0,FD Only,,,15,9,,1.0,,
13267-13267_game_3,2026-05-12 10:52:49,16.09,Ninjas in Pyjamas,Red,1,29.483333333333334,1,0,FD Only,,,18,13,,0.0,,
13268-13268_game_1,2026-05-12 12:04:25,16.09,Bilibili Gaming,Blue,0,33.666666666666664,0,0,Neither,,,13,19,,1.0,,
13268-13268_game_1,2026-05-12 12:04:25,16.09,Invictus Gaming,Red,1,33.666666666666664,1,1,FD + More Grubs,,,19,13,,0.0,,
13240-13240_game_2,2026-04-25 10:18:37,16.08,JD Gaming,Blue,1,27.2,1,1,FD + More Grubs,,,18,6,,1.0,,
13240-13240_game_2,2026-04-25 10:18:37,16.08,Team WE,Red,0,27.2,0,0,Neither,,,6,18,,0.0,,
13237-13237_game_1,2026-04-24 09:13:50,16.08,Oh My God,Blue,0,30.816666666666666,0,1,More Grubs Only,,,4,16,,1.0,,
13237-13237_game_1,2026-04-24 09:13:50,16.08,LNG Esports,Red,1,30.816666666666666,1,0,FD Only,,,16,4,,0.0,,
13237-13237_game_2,2026-04-24 10:08:44,16.08,LNG Esports,Blue,1,32.166666666666664,1,0,FD Only,,,10,5,,1.0,,
13241-13241_game_1,2026-04-25 11:20:53,16.08,Weibo Gaming,Blue,0,27.083333333333332,0,1,More Grubs Only,,,5,21,,1.0,,
13241-13241_game_1,2026-04-25 11:20:53,16.08,Anyone's Legend,Red,1,27.083333333333332,1,0,FD Only,,,21,5,,0.0,,
13241-13241_game_2,2026-04-25 12:10:23,16.08,Anyone's Legend,Blue,0,25.983333333333334,0,1,More Grubs Only,,,3,22,,1.0,,
13241-13241_game_2,2026-04-25 12:10:23,16.08,Weibo Gaming,Red,1,25.983333333333334,1,0,FD Only,,,22,3,,0.0,,
13241-13241_game_3,2026-04-25 12:58:47,16.08,Weibo Gaming,Blue,0,33.916666666666664,0,1,More Grubs Only,,,7,15,,1.0,,
13241-13241_game_3,2026-04-25 12:58:47,16.08,Anyone's Legend,Red,1,33.916666666666664,1,0,FD Only,,,15,7,,0.0,,
13239-13239_game_1,2026-04-25 07:14:50,16.08,Top Esports,Blue,1,30.65,0,0,Neither,,,19,14,,1.0,,
13239-13239_game_1,2026-04-25 07:14:50,16.08,Ninjas in Pyjamas,Red,0,30.65,1,1,FD + More Grubs,,,14,19,,0.0,,
13239-13239_game_2,2026-04-25 08:07:13,16.08,Top Esports,Blue,1,32.68333333333333,0,1,More Grubs Only,,,18,13,,1.0,,
13239-13239_game_2,2026-04-25 08:07:13,16.08,Ninjas in Pyjamas,Red,0,32.68333333333333,1,0,FD Only,,,13,18,,0.0,,
13240-13240_game_1,2026-04-25 09:18:25,16.08,JD Gaming,Blue,1,37.6,1,1,FD + More Grubs,,,21,7,,0.0,,
13240-13240_game_1,2026-04-25 09:18:25,16.08,Team WE,Red,0,37.6,0,0,Neither,,,7,21,,1.0,,
13268-13268_game_2,2026-05-12 13:03:54,16.09,Invictus Gaming,Blue,0,30.966666666666665,0,1,More Grubs Only,,,10,32,,0.0,,
13268-13268_game_2,2026-05-12 13:03:54,16.09,Bilibili Gaming,Red,1,30.966666666666665,1,0,FD Only,,,32,10,,1.0,,
13268-13268_game_3,2026-05-12 13:59:46,16.09,Bilibili Gaming,Blue,1,28.283333333333335,1,1,FD + More Grubs,,,22,9,,1.0,,
13268-13268_game_3,2026-05-12 13:59:46,16.09,Invictus Gaming,Red,0,28.283333333333335,0,0,Neither,,,9,22,,0.0,,
13270-13270_game_1,2026-05-13 12:27:16,16.09,Anyone's Legend,Blue,0,32.85,0,1,More Grubs Only,,,3,11,,0.0,,
13270-13270_game_1,2026-05-13 12:27:16,16.09,Team WE,Red,1,32.85,1,0,FD Only,,,11,3,,1.0,,
13270-13270_game_2,2026-05-13 13:22:39,16.09,Anyone's Legend,Blue,1,26.0,1,0,FD Only,,,20,7,,0.0,,
13242-13242_game_1,2026-04-26 09:12:56,16.08,Ultra Prime,Blue,1,39.68333333333333,0,0,Neither,,,24,17,,0.0,,
13242-13242_game_1,2026-04-26 09:12:56,16.08,LGD Gaming,Red,0,39.68333333333333,1,1,FD + More Grubs,,,16,24,,1.0,,
13242-13242_game_2,2026-04-26 10:13:28,16.08,Ultra Prime,Blue,1,36.4,1,0,FD Only,,,10,7,,0.0,,
13242-13242_game_2,2026-04-26 10:13:28,16.08,LGD Gaming,Red,0,36.4,0,1,More Grubs Only,,,7,10,,1.0,,
13243-13243_game_1,2026-04-26 11:30:40,16.08,Bilibili Gaming,Blue,1,27.85,0,1,More Grubs Only,,,17,9,,1.0,,
13243-13243_game_1,2026-04-26 11:30:40,16.08,Weibo Gaming,Red,0,27.85,1,0,FD Only,,,9,17,,0.0,,
13243-13243_game_2,2026-04-26 12:20:44,16.08,Weibo Gaming,Blue,0,35.13333333333333,1,1,FD + More Grubs,,,14,22,,1.0,,
13243-13243_game_2,2026-04-26 12:20:44,16.08,Bilibili Gaming,Red,1,35.13333333333333,0,0,Neither,,,22,14,,0.0,,
13270-13270_game_2,2026-05-13 13:22:39,16.09,Team WE,Red,0,26.0,0,1,More Grubs Only,,,7,20,,1.0,,
13270-13270_game_3,2026-05-13 14:09:41,16.09,Anyone's Legend,Blue,1,45.63333333333333,0,1,More Grubs Only,,,27,13,,1.0,,
13270-13270_game_3,2026-05-13 14:09:41,16.09,Team WE,Red,0,45.63333333333333,1,0,FD Only,,,13,27,,0.0,,
13272-13272_game_2,2026-05-14 12:36:30,16.09,Weibo Gaming,Blue,0,29.7,0,1,More Grubs Only,,,2,17,,0.0,,
13272-13272_game_2,2026-05-14 12:36:30,16.09,JD Gaming,Red,1,29.7,1,0,FD Only,,,17,2,,1.0,,
13272-13272_game_3,2026-05-14 13:30:03,16.09,JD Gaming,Blue,0,36.5,0,1,More Grubs Only,,,6,11,,1.0,,
13272-13272_game_3,2026-05-14 13:30:03,16.09,Weibo Gaming,Red,1,36.5,1,0,FD Only,,,11,6,,0.0,,
13244-13244_game_1,2026-04-28 09:13:28,16.08,Invictus Gaming,Blue,0,27.116666666666667,0,1,More Grubs Only,,,1,14,,1.0,,
13244-13244_game_1,2026-04-28 09:13:28,16.08,Anyone's Legend,Red,1,27.116666666666667,1,0,FD Only,,,14,1,,0.0,,
13244-13244_game_2,2026-04-28 10:06:13,16.08,Anyone's Legend,Blue,1,38.93333333333333,1,1,FD + More Grubs,,,18,12,,0.0,,
13244-13244_game_2,2026-04-28 10:06:13,16.08,Invictus Gaming,Red,0,38.93333333333333,0,0,Neither,,,12,18,,1.0,,
13245-13245_game_1,2026-04-28 11:23:55,16.08,Top Esports,Blue,0,38.016666666666666,0,1,More Grubs Only,,,9,18,,0.0,,
13245-13245_game_1,2026-04-28 11:23:55,16.08,Weibo Gaming,Red,1,38.016666666666666,1,0,FD Only,,,18,9,,1.0,,
13245-13245_game_2,2026-04-28 12:25:38,16.08,Top Esports,Blue,0,36.016666666666666,1,1,FD + More Grubs,,,14,22,,1.0,,
13245-13245_game_2,2026-04-28 12:25:38,16.08,Weibo Gaming,Red,1,36.016666666666666,0,0,Neither,,,22,14,,0.0,,
13247-13247_game_1,2026-04-29 11:33:11,16.08,Bilibili Gaming,Blue,1,34.166666666666664,0,1,More Grubs Only,,,24,16,,1.0,,
13247-13247_game_1,2026-04-29 11:33:11,16.08,Team WE,Red,0,34.166666666666664,1,0,FD Only,,,16,24,,0.0,,
13247-13247_game_2,2026-04-29 12:35:06,16.08,Team WE,Blue,0,43.18333333333333,1,1,FD + More Grubs,,,12,23,,1.0,,
13247-13247_game_2,2026-04-29 12:35:06,16.08,Bilibili Gaming,Red,1,43.18333333333333,0,0,Neither,,,23,12,,0.0,,
13246-13246_game_1,2026-04-29 09:19:47,16.08,JD Gaming,Blue,1,31.016666666666666,1,0,FD Only,,,17,10,,1.0,,
13246-13246_game_1,2026-04-29 09:19:47,16.08,Ninjas in Pyjamas,Red,0,31.016666666666666,0,1,More Grubs Only,,,10,17,,0.0,,
13248-13248_game_1,2026-04-30 09:13:37,16.08,ThunderTalk Gaming,Blue,1,27.133333333333333,1,0,FD Only,,,21,3,,1.0,,
13250-13250_game_1,2026-05-01 09:14:43,16.08,Anyone's Legend,Blue,1,32.78333333333333,0,1,More Grubs Only,,,22,8,,1.0,,
13250-13250_game_1,2026-05-01 09:14:43,16.08,Top Esports,Red,0,32.78333333333333,1,0,FD Only,,,8,22,,0.0,,
13250-13250_game_2,2026-05-01 10:12:33,16.08,Anyone's Legend,Blue,1,31.716666666666665,0,1,More Grubs Only,,,22,4,,1.0,,
13250-13250_game_2,2026-05-01 10:12:33,16.08,Top Esports,Red,0,31.716666666666665,1,0,FD Only,,,4,22,,0.0,,
13251-13251_game_1,2026-05-01 11:34:18,16.08,Invictus Gaming,Blue,0,36.166666666666664,1,0,FD Only,,,17,21,,0.0,,
13251-13251_game_1,2026-05-01 11:34:18,16.08,Weibo Gaming,Red,1,36.166666666666664,0,1,More Grubs Only,,,21,17,,1.0,,
13252-13252_game_1,2026-05-02 07:12:44,16.08,Team WE,Blue,1,37.45,0,0,Neither,,,17,7,,0.0,,
13252-13252_game_1,2026-05-02 07:12:44,16.08,JD Gaming,Red,0,37.45,1,1,FD + More Grubs,,,7,17,,1.0,,
13253-13253_game_1,2026-05-02 10:17:29,16.08,Weibo Gaming,Blue,0,25.916666666666668,0,0,Neither,,,4,23,,0.0,,
13253-13253_game_1,2026-05-02 10:17:29,16.08,Top Esports,Red,1,25.916666666666668,1,1,FD + More Grubs,,,23,4,,1.0,,
13256-13256_game_1,2026-05-03 12:00:48,16.09,Ninjas in Pyjamas,Blue,0,39.45,1,0,FD Only,,,13,17,,0.0,,
13256-13256_game_1,2026-05-03 12:00:48,16.09,Bilibili Gaming,Red,1,39.45,0,1,More Grubs Only,,,17,13,,1.0,,
13256-13256_game_2,2026-05-03 13:04:42,16.09,Bilibili Gaming,Blue,0,33.916666666666664,0,1,More Grubs Only,,,10,12,,0.0,,
13256-13256_game_2,2026-05-03 13:04:42,16.09,Ninjas in Pyjamas,Red,1,33.916666666666664,1,0,FD Only,,,12,10,,1.0,,
13256-13256_game_3,2026-05-03 14:00:43,16.09,Ninjas in Pyjamas,Blue,0,35.56666666666667,0,1,More Grubs Only,,,5,18,,0.0,,
13255-13255_game_1,2026-05-03 09:12:07,16.09,LNG Esports,Blue,1,28.183333333333334,1,0,FD Only,,,21,8,,0.0,,
13255-13255_game_1,2026-05-03 09:12:07,16.09,ThunderTalk Gaming,Red,0,28.183333333333334,0,1,More Grubs Only,,,8,21,,1.0,,
13255-13255_game_2,2026-05-03 10:03:59,16.09,LNG Esports,Blue,0,32.833333333333336,1,1,FD + More Grubs,,,18,30,,0.0,,
13255-13255_game_2,2026-05-03 10:03:59,16.09,ThunderTalk Gaming,Red,1,32.833333333333336,0,0,Neither,,,30,18,,1.0,,
13255-13255_game_3,2026-05-03 10:59:13,16.09,ThunderTalk Gaming,Blue,0,23.466666666666665,0,1,More Grubs Only,,,6,22,,0.0,,
13255-13255_game_3,2026-05-03 10:59:13,16.09,LNG Esports,Red,1,23.466666666666665,1,0,FD Only,,,22,6,,1.0,,
13256-13256_game_3,2026-05-03 14:00:43,16.09,Bilibili Gaming,Red,1,35.56666666666667,1,0,FD Only,,,18,5,,1.0,,
13257-13257_game_1,2026-05-06 09:13:56,16.09,Team WE,Blue,1,32.78333333333333,1,0,FD Only,,,22,14,,1.0,,
13257-13257_game_1,2026-05-06 09:13:56,16.09,Invictus Gaming,Red,0,32.78333333333333,0,1,More Grubs Only,,,14,22,,0.0,,
13257-13257_game_2,2026-05-06 10:10:32,16.09,Team WE,Blue,0,23.033333333333335,0,0,Neither,,,6,21,,0.0,,
13257-13257_game_2,2026-05-06 10:10:32,16.09,Invictus Gaming,Red,1,23.033333333333335,1,1,FD + More Grubs,,,21,6,,1.0,,
13264-13264_game_2,2026-05-09 12:22:29,16.09,Team WE,Blue,0,26.15,0,1,More Grubs Only,,,4,17,,1.0,,
13264-13264_game_2,2026-05-09 12:22:29,16.09,Top Esports,Red,1,26.15,1,0,FD Only,,,17,4,,0.0,,
13261-13261_game_1,2026-05-08 09:19:29,16.09,LNG Esports,Blue,1,30.1,0,1,More Grubs Only,,,12,3,,1.0,,
13261-13261_game_1,2026-05-08 09:19:29,16.09,Ultra Prime,Red,0,30.1,1,0,FD Only,,,3,12,,0.0,,
13263-13263_game_1,2026-05-09 09:13:03,16.09,Invictus Gaming,Blue,1,34.31666666666667,1,1,FD + More Grubs,,,18,6,,1.0,,
13263-13263_game_1,2026-05-09 09:13:03,16.09,Ninjas in Pyjamas,Red,0,34.31666666666667,0,0,Neither,,,6,18,,0.0,,
13263-13263_game_2,2026-05-09 10:12:07,16.09,Ninjas in Pyjamas,Blue,0,27.166666666666668,0,0,Neither,,,10,17,,0.0,,
13263-13263_game_2,2026-05-09 10:12:07,16.09,Invictus Gaming,Red,1,27.166666666666668,1,1,FD + More Grubs,,,17,10,,1.0,,
13264-13264_game_1,2026-05-09 11:17:46,16.09,Team WE,Blue,0,34.96666666666667,1,0,FD Only,,,10,22,,1.0,,
13264-13264_game_1,2026-05-09 11:17:46,16.09,Top Esports,Red,1,34.96666666666667,0,1,More Grubs Only,,,22,10,,0.0,,
13265-13265_game_1,2026-05-10 09:11:28,16.09,Ninjas in Pyjamas,Blue,0,40.266666666666666,0,1,More Grubs Only,,,12,21,,1.0,,
13265-13265_game_1,2026-05-10 09:11:28,16.09,Weibo Gaming,Red,1,40.266666666666666,1,0,FD Only,,,21,12,,0.0,,
13266-13266_game_1,2026-05-10 11:25:42,16.09,JD Gaming,Blue,1,43.266666666666666,0,1,More Grubs Only,,,18,11,,0.0,,
13266-13266_game_1,2026-05-10 11:25:42,16.09,Anyone's Legend,Red,0,43.266666666666666,1,0,FD Only,,,11,18,,1.0,,
13266-13266_game_2,2026-05-10 12:30:06,16.09,Anyone's Legend,Blue,1,28.983333333333334,1,1,FD + More Grubs,,,13,3,,0.0,,
13276-13276_game_1,2026-05-16 12:49:14,16.09,Team WE,Blue,0,41.36666666666667,0,1,More Grubs Only,,,15,23,,1.0,,
13267-13267_game_1,2026-05-12 09:10:54,16.09,Ninjas in Pyjamas,Blue,1,30.016666666666666,1,1,FD + More Grubs,,,16,4,,1.0,,
13267-13267_game_1,2026-05-12 09:10:54,16.09,Top Esports,Red,0,30.016666666666666,0,0,Neither,,,4,16,,0.0,,
13276-13276_game_1,2026-05-16 12:49:14,16.09,Ninjas in Pyjamas,Red,1,41.36666666666667,1,0,FD Only,,,23,15,,0.0,,
13273-13273_game_1,2026-05-15 09:09:24,16.09,Ultra Prime,Blue,1,37.2,0,1,More Grubs Only,,,19,7,,1.0,,
13273-13273_game_1,2026-05-15 09:09:24,16.09,Oh My God,Red,0,37.2,1,0,FD Only,,,7,19,,0.0,,
13273-13273_game_2,2026-05-15 10:06:44,16.09,Ultra Prime,Blue,1,31.416666666666668,0,0,Neither,,,19,5,,1.0,,
13273-13273_game_2,2026-05-15 10:06:44,16.09,Oh My God,Red,0,31.416666666666668,1,1,FD + More Grubs,,,5,19,,0.0,,
13274-13274_game_1,2026-05-15 11:19:40,16.09,Top Esports,Blue,0,31.833333333333332,1,0,FD Only,,,11,39,,0.0,,
13274-13274_game_1,2026-05-15 11:19:40,16.09,Bilibili Gaming,Red,1,31.833333333333332,0,1,More Grubs Only,,,39,11,,1.0,,
13267-13267_game_3,2026-05-12 10:52:49,16.09,Top Esports,Blue,0,29.483333333333334,0,1,More Grubs Only,,,13,18,,1.0,,
13276-13276_game_2,2026-05-16 13:54:07,16.09,Team WE,Blue,1,27.183333333333334,0,0,Neither,,,12,11,,0.0,,
13276-13276_game_2,2026-05-16 13:54:07,16.09,Ninjas in Pyjamas,Red,0,27.183333333333334,1,1,FD + More Grubs,,,10,12,,1.0,,
13274-13274_game_2,2026-05-15 12:14:12,16.09,Bilibili Gaming,Blue,1,39.333333333333336,0,0,Neither,,,18,14,,1.0,,
13274-13274_game_2,2026-05-15 12:14:12,16.09,Top Esports,Red,0,39.333333333333336,1,1,FD + More Grubs,,,14,18,,0.0,,
13269-13269_game_2,2026-05-13 10:14:37,16.09,EDward Gaming,Blue,0,35.86666666666667,0,1,More Grubs Only,,,9,14,,0.0,,
13269-13269_game_2,2026-05-13 10:14:37,16.09,Oh My God,Red,1,35.86666666666667,1,0,FD Only,,,14,9,,1.0,,
13269-13269_game_1,2026-05-13 09:10:08,16.09,EDward Gaming,Blue,1,29.333333333333332,1,1,FD + More Grubs,,,16,2,,0.0,,
13269-13269_game_1,2026-05-13 09:10:08,16.09,Oh My God,Red,0,29.333333333333332,0,0,Neither,,,2,16,,1.0,,
13269-13269_game_3,2026-05-13 11:13:02,16.09,Oh My God,Blue,0,37.166666666666664,0,1,More Grubs Only,,,10,12,,1.0,,
13269-13269_game_3,2026-05-13 11:13:02,16.09,EDward Gaming,Red,1,37.166666666666664,1,0,FD Only,,,12,10,,0.0,,
13276-13276_game_3,2026-05-16 14:41:51,16.09,Team WE,Blue,0,23.783333333333335,0,0,Neither,,,5,20,,0.0,,
13276-13276_game_3,2026-05-16 14:41:51,16.09,Ninjas in Pyjamas,Red,1,23.783333333333335,1,1,FD + More Grubs,,,20,5,,1.0,,
13271-13271_game_1,2026-05-14 09:10:34,16.09,LNG Esports,Blue,1,33.266666666666666,1,0,FD Only,,,14,7,,0.0,,
13271-13271_game_1,2026-05-14 09:10:34,16.09,LGD Gaming,Red,0,33.266666666666666,0,1,More Grubs Only,,,7,14,,1.0,,
13271-13271_game_2,2026-05-14 10:13:30,16.09,LNG Esports,Blue,1,38.666666666666664,1,0,FD Only,,,21,11,,1.0,,
13271-13271_game_2,2026-05-14 10:13:30,16.09,LGD Gaming,Red,0,38.666666666666664,0,1,More Grubs Only,,,11,21,,0.0,,
13272-13272_game_1,2026-05-14 11:30:07,16.09,JD Gaming,Blue,0,42.46666666666667,1,1,FD + More Grubs,,,10,14,,1.0,,
13272-13272_game_1,2026-05-14 11:30:07,16.09,Weibo Gaming,Red,1,42.46666666666667,0,0,Neither,,,14,10,,0.0,,
13278-13278_game_1,2026-05-17 12:31:46,16.09,Bilibili Gaming,Blue,1,33.233333333333334,1,0,FD Only,,,27,15,,0.0,,
13278-13278_game_1,2026-05-17 12:31:46,16.09,Anyone's Legend,Red,0,33.233333333333334,0,1,More Grubs Only,,,15,27,,1.0,,
13275-13275_game_1,2026-05-16 09:11:04,16.09,ThunderTalk Gaming,Blue,1,30.8,1,0,FD Only,,,17,8,,1.0,,
13275-13275_game_1,2026-05-16 09:11:04,16.09,EDward Gaming,Red,0,30.8,0,1,More Grubs Only,,,8,17,,0.0,,
13275-13275_game_2,2026-05-16 10:03:30,16.09,ThunderTalk Gaming,Blue,0,35.13333333333333,0,0,Neither,,,8,12,,0.0,,
13275-13275_game_2,2026-05-16 10:03:30,16.09,EDward Gaming,Red,1,35.13333333333333,1,1,FD + More Grubs,,,12,8,,1.0,,
13275-13275_game_3,2026-05-16 11:01:15,16.09,EDward Gaming,Blue,0,37.03333333333333,0,1,More Grubs Only,,,17,26,,1.0,,
13275-13275_game_3,2026-05-16 11:01:15,16.09,ThunderTalk Gaming,Red,1,37.03333333333333,1,0,FD Only,,,26,17,,0.0,,
13278-13278_game_2,2026-05-17 13:35:18,16.09,Anyone's Legend,Blue,0,31.716666666666665,0,1,More Grubs Only,,,10,19,,0.0,,
13278-13278_game_2,2026-05-17 13:35:18,16.09,Bilibili Gaming,Red,1,31.716666666666665,1,0,FD Only,,,19,10,,1.0,,
13277-13277_game_1,2026-05-17 09:15:24,16.09,Invictus Gaming,Blue,1,37.083333333333336,0,1,More Grubs Only,,,26,16,,1.0,,
13277-13277_game_1,2026-05-17 09:15:24,16.09,JD Gaming,Red,0,37.083333333333336,1,0,FD Only,,,16,26,,0.0,,
13277-13277_game_2,2026-05-17 10:19:07,16.09,Invictus Gaming,Blue,0,28.966666666666665,0,0,Neither,,,6,24,,0.0,,
13277-13277_game_2,2026-05-17 10:19:07,16.09,JD Gaming,Red,1,28.966666666666665,1,1,FD + More Grubs,,,24,6,,1.0,,
13277-13277_game_3,2026-05-17 11:15:37,16.09,JD Gaming,Blue,1,30.9,0,0,Neither,,,24,15,,0.0,,
13277-13277_game_3,2026-05-17 11:15:37,16.09,Invictus Gaming,Red,0,30.9,1,1,FD + More Grubs,,,15,24,,1.0,,
13060-13060_game_2,2026-01-14 10:19:19,16.01,Invictus Gaming,Blue,0,33.13333333333333,0,1,More Grubs Only,,,7,29,,0.0,,
13060-13060_game_2,2026-01-14 10:19:19,16.01,Weibo Gaming,Red,1,33.13333333333333,1,0,FD Only,,,29,7,,1.0,,
